{"stats":{"minecraft:mined":{"minecraft:short_grass":1,"minecraft:grass_block":2,"minecraft:oak_log":5,"minecraft:dirt":2,"minecraft:birch_log":1,"minecraft:stone":4,"minecraft:oak_leaves":1},"minecraft:custom":{"minecraft:time_since_rest":3930,"minecraft:play_time":3930,"minecraft:crouch_one_cm":73,"minecraft:sprint_one_cm":7482,"minecraft:damage_taken":30,"minecraft:walk_one_cm":6466,"minecraft:sneak_time":51,"minecraft:mob_kills":1,"minecraft:jump":111,"minecraft:damage_dealt":40,"minecraft:leave_game":2,"minecraft:time_since_death":3930,"minecraft:total_world_time":3930,"minecraft:interact_with_crafting_table":3,"minecraft:fall_one_cm":1882,"minecraft:fly_one_cm":12875},"minecraft:used":{"minecraft:dirt":4,"minecraft:crafting_table":1,"minecraft:stone_pickaxe":3,"minecraft:wooden_pickaxe":4},"minecraft:picked_up":{"minecraft:birch_log":1,"minecraft:feather":2,"minecraft:chicken":1,"minecraft:oak_log":5,"minecraft:dirt":4,"minecraft:cobblestone":4},"minecraft:killed":{"minecraft:chicken":1},"minecraft:crafted":{"minecraft:oak_planks":20,"minecraft:birch_planks":4,"minecraft:crafting_table":1,"minecraft:stick":4,"minecraft:stone_pickaxe":1,"minecraft:wooden_pickaxe":1}},"DataVersion":3839}