{"stats":{"minecraft:killed_by":{"minecraft:creeper":1,"minecraft:spider":1,"minecraft:skeleton":2,"minecraft:zombie":1},"minecraft:custom":{"minecraft:mob_kills":82,"minecraft:interact_with_crafting_table":52,"minecraft:interact_with_campfire":32,"minecraft:bell_ring":17,"minecraft:leave_game":4,"minecraft:time_since_death":118663,"minecraft:sprint_one_cm":757509,"minecraft:walk_one_cm":679840,"minecraft:damage_blocked_by_shield":4158,"minecraft:drop":62,"minecraft:talked_to_villager":31,"minecraft:play_time":268508,"minecraft:deaths":5,"minecraft:sneak_time":7402,"minecraft:walk_under_water_one_cm":17862,"minecraft:boat_one_cm":3216,"minecraft:jump":6649,"minecraft:walk_on_water_one_cm":28872,"minecraft:total_world_time":268508,"minecraft:interact_with_furnace":100,"minecraft:traded_with_villager":49,"minecraft:pot_flower":2,"minecraft:sleep_in_bed":7,"minecraft:time_since_rest":14139,"minecraft:damage_taken":7482,"minecraft:damage_dealt":14322,"minecraft:swim_one_cm":58350,"minecraft:fly_one_cm":1403715,"minecraft:open_chest":72,"minecraft:crouch_one_cm":22377,"minecraft:interact_with_smoker":3,"minecraft:fall_one_cm":219488},"minecraft:mined":{"minecraft:dark_oak_planks":1,"minecraft:diamond_ore":1,"minecraft:tuff":10,"minecraft:white_bed":8,"minecraft:deepslate_diamond_ore":39,"minecraft:oak_door":3,"minecraft:cherry_log":6,"minecraft:granite":13,"minecraft:grass_block":15,"chisel:crude_paneling/oak_planks":1,"minecraft:composter":2,"minecraft:hay_block":30,"minecraft:furnace":6,"minecraft:dark_oak_trapdoor":3,"minecraft:cobbled_deepslate":4,"minecraft:iron_ore":70,"minecraft:andesite":37,"minecraft:fletching_table":3,"minecraft:deepslate_lapis_ore":5,"minecraft:azure_bluet":1,"minecraft:pointed_dripstone":1,"minecraft:potted_dandelion":1,"minecraft:dirt_path":4,"minecraft:deepslate_iron_ore":104,"minecraft:oak_stairs":1,"minecraft:stone":122,"minecraft:deepslate_redstone_ore":18,"minecraft:glass_pane":1,"minecraft:dandelion":1,"minecraft:oak_fence":2,"minecraft:crafting_table":8,"minecraft:torch":21,"minecraft:short_grass":214,"minecraft:lectern":3,"minecraft:campfire":1,"minecraft:copper_ore":3,"minecraft:cobblestone":6,"minecraft:tall_grass":62,"minecraft:lapis_ore":1,"minecraft:deepslate_gold_ore":7,"minecraft:grindstone":1,"minecraft:oak_planks":5,"minecraft:diorite":2,"minecraft:wall_torch":25,"minecraft:sweet_berry_bush":9,"minecraft:spruce_log":1,"minecraft:smooth_stone_slab":1,"minecraft:oak_log":336,"minecraft:coal_ore":49,"minecraft:gravel":1,"minecraft:dirt":23,"minecraft:gold_ore":9,"minecraft:oak_leaves":80,"minecraft:deepslate":107,"minecraft:fern":3},"minecraft:killed":{"minecraft:spider":3,"minecraft:skeleton":10,"minecraft:chicken":2,"minecraft:pig":10,"minecraft:salmon":6,"minecraft:creeper":1,"minecraft:sheep":8,"minecraft:zombie":41,"minecraft:cow":1},"minecraft:dropped":{"minecraft:iron_ingot":45,"minecraft:bread":69,"minecraft:porkchop":3,"minecraft:wheat_seeds":6,"minecraft:cooked_porkchop":8,"minecraft:feather":1,"minecraft:cobblestone":7,"minecraft:book":6,"minecraft:apple":1,"minecraft:fletching_table":1,"minecraft:golden_apple":1,"minecraft:emerald":43,"minecraft:dirt":3,"minecraft:diorite":3,"minecraft:torch":24,"minecraft:iron_axe":5,"minecraft:iron_pickaxe":2,"minecraft:oak_door":2,"minecraft:furnace":1,"minecraft:stone_axe":1,"minecraft:raw_copper":5,"minecraft:stone_shovel":1,"minecraft:raw_iron":4,"minecraft:rotten_flesh":14,"minecraft:iron_boots":1,"minecraft:cooked_mutton":10,"minecraft:carrot":1,"minecraft:shield":1,"minecraft:gunpowder":2,"minecraft:diamond_pickaxe":1,"minecraft:iron_chestplate":1,"minecraft:oak_sapling":2,"minecraft:leather_leggings":2,"minecraft:arrow":9,"minecraft:stone_pickaxe":3,"minecraft:wooden_pickaxe":2,"minecraft:splash_potion":1,"minecraft:lectern":3},"minecraft:used":{"minecraft:oak_fence":2,"minecraft:shield":48,"minecraft:cooked_salmon":6,"minecraft:oak_door":1,"minecraft:torch":144,"minecraft:dirt":19,"minecraft:mutton":6,"minecraft:white_carpet":1,"minecraft:tuff":10,"minecraft:granite":2,"minecraft:wooden_axe":12,"minecraft:dark_oak_planks":3,"minecraft:bookshelf":1,"minecraft:iron_axe":479,"minecraft:cherry_trapdoor":4,"minecraft:smooth_basalt":2,"minecraft:beef":2,"minecraft:sweet_berries":12,"minecraft:furnace":7,"minecraft:egg":3,"minecraft:cooked_beef":2,"minecraft:cobbled_deepslate":77,"minecraft:cooked_mutton":5,"minecraft:stone_pickaxe":95,"minecraft:oak_planks":25,"minecraft:wooden_pickaxe":19,"minecraft:composter":1,"minecraft:fletching_table":2,"minecraft:dark_oak_trapdoor":5,"minecraft:crafting_table":13,"minecraft:white_bed":8,"minecraft:dripstone_block":1,"minecraft:oak_log":1,"minecraft:diamond_pickaxe":133,"minecraft:black_wool":1,"minecraft:chicken":1,"minecraft:bread":114,"minecraft:iron_pickaxe":403,"minecraft:lectern":3,"minecraft:gravel":16,"minecraft:stone_axe":253,"minecraft:cobblestone":129,"minecraft:porkchop":2,"minecraft:cooked_porkchop":9,"minecraft:grindstone":1,"minecraft:andesite":29,"minecraft:oak_boat":4,"minecraft:oak_trapdoor":2},"minecraft:crafted":{"minecraft:cherry_planks":16,"minecraft:oak_planks":1144,"minecraft:furnace":6,"minecraft:dark_oak_trapdoor":2,"minecraft:white_carpet":3,"minecraft:oak_trapdoor":2,"minecraft:cherry_trapdoor":4,"minecraft:iron_boots":1,"minecraft:iron_axe":3,"minecraft:stone_pickaxe":2,"minecraft:dark_oak_planks":12,"minecraft:wheat":261,"minecraft:emerald":43,"minecraft:crafting_table":6,"minecraft:wooden_pickaxe":2,"minecraft:iron_helmet":1,"minecraft:stone_axe":4,"minecraft:bread":123,"minecraft:air":0,"minecraft:oak_boat":2,"minecraft:iron_chestplate":1,"minecraft:diamond_pickaxe":1,"minecraft:shield":3,"minecraft:stick":1848,"minecraft:iron_ingot":92,"minecraft:iron_pickaxe":2,"minecraft:wooden_axe":1,"minecraft:iron_leggings":2,"minecraft:white_bed":1,"minecraft:torch":132},"minecraft:broken":{"minecraft:golden_boots":1,"minecraft:iron_axe":2,"minecraft:stone_axe":2},"minecraft:picked_up":{"minecraft:iron_chestplate":1,"minecraft:charcoal":2,"minecraft:crafting_table":8,"chisel:crude_paneling/oak_planks":1,"minecraft:chicken":2,"minecraft:flower_pot":1,"minecraft:leather_leggings":2,"minecraft:oak_stairs":2,"minecraft:enchanted_book":1,"minecraft:shield":2,"minecraft:string":3,"minecraft:dark_oak_trapdoor":3,"minecraft:iron_axe":4,"minecraft:raw_copper":6,"minecraft:cooked_salmon":6,"minecraft:beetroot":1,"minecraft:cobbled_deepslate":125,"minecraft:beef":2,"minecraft:oak_boat":2,"minecraft:lectern":5,"minecraft:iron_pickaxe":3,"minecraft:furnace":6,"minecraft:iron_boots":2,"minecraft:egg":4,"minecraft:raw_iron":192,"minecraft:stick":63,"minecraft:oak_door":3,"minecraft:composter":2,"minecraft:oak_fence":17,"minecraft:torch":102,"minecraft:porkchop":27,"minecraft:cherry_log":4,"minecraft:pointed_dripstone":7,"minecraft:diorite":3,"minecraft:carrot":1,"minecraft:redstone":81,"minecraft:dark_oak_planks":1,"minecraft:stone_shovel":2,"minecraft:arrow":18,"minecraft:rotten_flesh":78,"minecraft:hay_block":29,"minecraft:bookshelf":1,"minecraft:mutton":11,"minecraft:cobblestone":185,"minecraft:white_wool":7,"minecraft:feather":1,"minecraft:glow_ink_sac":2,"minecraft:salmon":6,"minecraft:andesite":40,"minecraft:leather":2,"minecraft:flint":1,"minecraft:tuff":10,"minecraft:oak_log":365,"minecraft:golden_boots":1,"minecraft:gunpowder":7,"minecraft:lapis_lazuli":52,"minecraft:dirt":35,"minecraft:leather_boots":1,"minecraft:cooked_mutton":10,"minecraft:bone":29,"minecraft:apple":6,"minecraft:wheat_seeds":35,"minecraft:raw_gold":16,"minecraft:iron_ingot":6,"minecraft:grindstone":1,"minecraft:stone_pickaxe":6,"minecraft:fletching_table":3,"minecraft:stone_hoe":1,"minecraft:oak_planks":24,"minecraft:book":6,"minecraft:smooth_basalt":2,"minecraft:cooked_porkchop":28,"minecraft:sweet_berries":22,"minecraft:dandelion":2,"minecraft:gravel":20,"minecraft:dripstone_block":1,"minecraft:white_bed":8,"minecraft:slime_ball":8,"minecraft:diamond":43,"minecraft:stone_axe":2,"minecraft:granite":26,"minecraft:emerald":6,"minecraft:bread":194,"minecraft:oak_sapling":45,"minecraft:black_wool":1,"minecraft:coal":145,"minecraft:wheat":9,"minecraft:diamond_pickaxe":1}},"DataVersion":3839}