{"stats":{"minecraft:mined":{"minecraft:dark_oak_planks":2,"minecraft:white_bed":11,"minecraft:oak_sapling":5,"minecraft:cherry_log":6,"minecraft:cobblestone_stairs":3,"minecraft:brewing_stand":1,"minecraft:granite":13,"minecraft:grass_block":53,"minecraft:oak_pressure_plate":1,"chisel:crude_paneling/oak_planks":1,"minecraft:composter":4,"minecraft:tall_seagrass":1,"minecraft:dark_oak_trapdoor":3,"minecraft:iron_ore":70,"minecraft:cobbled_deepslate":4,"minecraft:fletching_table":7,"minecraft:deepslate_lapis_ore":5,"minecraft:azure_bluet":3,"minecraft:potted_dandelion":1,"minecraft:pointed_dripstone":1,"minecraft:dirt_path":13,"minecraft:oak_stairs":3,"minecraft:piston_head":7,"minecraft:deepslate_redstone_ore":18,"minecraft:brown_mushroom":2,"minecraft:red_bed":1,"minecraft:torch":21,"minecraft:blast_furnace":4,"minecraft:cobblestone":14,"minecraft:grindstone":4,"minecraft:sugar_cane":9,"minecraft:oak_planks":14,"minecraft:wall_torch":25,"minecraft:birch_log":71,"minecraft:smooth_stone_slab":1,"minecraft:oak_log":944,"minecraft:sand":10,"minecraft:dirt":53,"minecraft:piston":15,"minecraft:oak_leaves":295,"minecraft:deepslate":107,"minecraft:diamond_ore":1,"minecraft:tuff":10,"minecraft:deepslate_diamond_ore":39,"minecraft:oak_door":3,"minecraft:lever":20,"minecraft:hay_block":30,"minecraft:furnace":6,"minecraft:andesite":37,"minecraft:bookshelf":1,"minecraft:deepslate_iron_ore":104,"minecraft:stone":136,"minecraft:glass_pane":1,"minecraft:dandelion":8,"minecraft:oak_fence":4,"minecraft:crafting_table":8,"minecraft:short_grass":820,"minecraft:lectern":46,"minecraft:campfire":1,"minecraft:tall_grass":160,"minecraft:copper_ore":3,"minecraft:lapis_ore":1,"minecraft:deepslate_gold_ore":7,"minecraft:diorite":2,"minecraft:sweet_berry_bush":9,"minecraft:spruce_log":1,"minecraft:birch_leaves":9,"minecraft:coal_ore":57,"minecraft:dark_oak_button":1,"minecraft:gravel":1,"minecraft:gold_ore":9,"minecraft:fern":6},"minecraft:killed":{"minecraft:spider":6,"minecraft:skeleton":16,"minecraft:chicken":3,"minecraft:pig":10,"minecraft:salmon":6,"minecraft:creeper":4,"minecraft:sheep":8,"minecraft:pillager":2,"minecraft:zombie":42,"minecraft:cow":1},"minecraft:broken":{"minecraft:golden_boots":1,"minecraft:stone_axe":2,"minecraft:iron_axe":4},"minecraft:custom":{"minecraft:interact_with_crafting_table":72,"minecraft:bell_ring":26,"minecraft:leave_game":8,"minecraft:time_since_death":68111,"minecraft:sprint_one_cm":1552230,"minecraft:damage_blocked_by_shield":4158,"minecraft:drop":102,"minecraft:talked_to_villager":218,"minecraft:play_time":517476,"minecraft:deaths":7,"minecraft:jump":12952,"minecraft:interact_with_brewingstand":11,"minecraft:walk_on_water_one_cm":40674,"minecraft:interact_with_furnace":127,"minecraft:traded_with_villager":357,"minecraft:sleep_in_bed":23,"minecraft:damage_dealt":16961,"minecraft:crouch_one_cm":23539,"minecraft:interact_with_smoker":8,"minecraft:horse_one_cm":15816,"minecraft:mob_kills":98,"minecraft:interact_with_anvil":4,"minecraft:interact_with_campfire":32,"minecraft:walk_one_cm":1156881,"minecraft:sneak_time":8167,"minecraft:walk_under_water_one_cm":22906,"minecraft:boat_one_cm":4395,"minecraft:total_world_time":517476,"minecraft:pot_flower":2,"minecraft:interact_with_grindstone":1,"minecraft:time_since_rest":11319,"minecraft:damage_taken":9830,"minecraft:swim_one_cm":110849,"minecraft:fly_one_cm":3029394,"minecraft:open_chest":289,"minecraft:fall_one_cm":420541},"minecraft:killed_by":{"minecraft:creeper":2,"minecraft:zombie":1,"minecraft:spider":1,"minecraft:iron_golem":1,"minecraft:skeleton":2},"minecraft:used":{"minecraft:chest":2,"minecraft:shield":48,"minecraft:iron_chestplate":1,"minecraft:mutton":6,"minecraft:carrot":1,"minecraft:tuff":10,"minecraft:azure_bluet":1,"minecraft:iron_helmet":1,"minecraft:dark_oak_button":1,"minecraft:sweet_berries":12,"minecraft:furnace":7,"minecraft:oak_sapling":92,"minecraft:egg":4,"minecraft:stone_pickaxe":95,"minecraft:oak_planks":32,"minecraft:wooden_pickaxe":19,"minecraft:composter":3,"minecraft:diamond_axe":503,"minecraft:dark_oak_trapdoor":5,"minecraft:blast_furnace":5,"minecraft:dripstone_block":1,"minecraft:lever":24,"minecraft:bread":132,"minecraft:lectern":47,"minecraft:gravel":16,"minecraft:grindstone":3,"minecraft:andesite":29,"minecraft:oak_boat":7,"minecraft:oak_trapdoor":2,"minecraft:oak_fence":2,"minecraft:cooked_salmon":6,"minecraft:oak_door":1,"minecraft:torch":144,"minecraft:brewing_stand":1,"minecraft:dirt":62,"minecraft:anvil":1,"minecraft:white_carpet":1,"minecraft:granite":2,"minecraft:wooden_axe":12,"minecraft:dark_oak_planks":3,"minecraft:bookshelf":2,"minecraft:iron_axe":981,"minecraft:oak_stairs":1,"minecraft:cherry_trapdoor":4,"minecraft:iron_boots":1,"minecraft:smooth_basalt":2,"minecraft:beef":2,"minecraft:cooked_beef":2,"minecraft:cobbled_deepslate":77,"minecraft:cooked_mutton":5,"minecraft:glass_bottle":3,"minecraft:fletching_table":7,"minecraft:oak_slab":2,"minecraft:crafting_table":13,"minecraft:red_bed":2,"minecraft:white_bed":11,"minecraft:oak_log":1,"minecraft:piston":22,"minecraft:diamond_pickaxe":239,"minecraft:black_wool":1,"minecraft:chicken":2,"minecraft:iron_pickaxe":403,"minecraft:stone_axe":253,"minecraft:cobblestone":135,"minecraft:cooked_porkchop":9,"minecraft:porkchop":2,"minecraft:yellow_bed":1,"minecraft:pumpkin_pie":66,"minecraft:stripped_oak_log":1,"minecraft:dandelion":1,"minecraft:splash_potion":1},"minecraft:dropped":{"minecraft:soul_sand":23,"minecraft:porkchop":3,"minecraft:diamond_axe":1,"minecraft:oak_log":4,"minecraft:cooked_porkchop":8,"minecraft:dark_oak_button":1,"minecraft:fletching_table":1,"minecraft:emerald":97,"minecraft:dirt":4,"minecraft:mutton":1,"minecraft:sugar":1,"minecraft:iron_pickaxe":2,"minecraft:oak_door":2,"minecraft:stone_axe":1,"minecraft:rotten_flesh":14,"minecraft:oak_planks":62,"minecraft:cooked_mutton":10,"minecraft:carrot":1,"minecraft:gunpowder":2,"minecraft:leather_leggings":2,"minecraft:arrow":9,"minecraft:splash_potion":1,"minecraft:lectern":3,"minecraft:egg":1,"minecraft:iron_ingot":46,"minecraft:enchanted_book":1,"minecraft:bread":69,"minecraft:wheat_seeds":14,"minecraft:diamond_leggings":3,"minecraft:iron_helmet":1,"minecraft:feather":2,"minecraft:cobblestone":7,"minecraft:book":6,"minecraft:apple":1,"minecraft:golden_apple":1,"minecraft:diorite":3,"minecraft:torch":24,"minecraft:diamond_helmet":3,"minecraft:iron_leggings":1,"minecraft:iron_axe":6,"minecraft:furnace":1,"minecraft:raw_copper":5,"minecraft:raw_iron":4,"minecraft:stone_shovel":1,"minecraft:iron_boots":2,"minecraft:shield":1,"minecraft:diamond_chestplate":3,"minecraft:iron_chestplate":2,"minecraft:diamond_pickaxe":4,"minecraft:oak_sapling":2,"minecraft:diamond_boots":3,"minecraft:stone_pickaxe":3,"minecraft:wooden_pickaxe":2},"minecraft:picked_up":{"minecraft:iron_chestplate":2,"minecraft:wheat":9,"minecraft:flower_pot":1,"minecraft:oak_stairs":4,"minecraft:enchanted_book":3,"minecraft:brewing_stand":2,"minecraft:string":4,"minecraft:dark_oak_trapdoor":3,"minecraft:raw_copper":6,"minecraft:cooked_salmon":6,"minecraft:iron_leggings":1,"minecraft:beetroot":1,"minecraft:diamond_leggings":2,"minecraft:cobbled_deepslate":125,"minecraft:iron_pickaxe":3,"minecraft:furnace":6,"minecraft:iron_boots":3,"minecraft:stick":181,"minecraft:composter":4,"minecraft:oak_fence":19,"minecraft:torch":110,"minecraft:porkchop":27,"minecraft:cherry_log":4,"minecraft:pointed_dripstone":7,"minecraft:diorite":3,"minecraft:rotten_flesh":83,"minecraft:bookshelf":1,"minecraft:blaze_rod":8,"minecraft:cobblestone":255,"minecraft:birch_log":71,"minecraft:feather":2,"minecraft:andesite":40,"minecraft:potato":128,"minecraft:flint":1,"minecraft:tuff":10,"minecraft:lapis_lazuli":52,"minecraft:dirt":107,"minecraft:leather_boots":1,"minecraft:bone":41,"minecraft:wheat_seeds":108,"minecraft:raw_gold":16,"minecraft:grindstone":4,"minecraft:diamond_helmet":2,"minecraft:fletching_table":7,"minecraft:stone_hoe":1,"minecraft:oak_planks":75,"minecraft:cooked_porkchop":28,"minecraft:oak_pressure_plate":1,"minecraft:sand":20,"minecraft:fermented_spider_eye":2,"minecraft:sugar":10,"minecraft:diamond":53,"minecraft:lever":24,"minecraft:granite":26,"minecraft:bread":194,"minecraft:emerald":67,"minecraft:oak_sapling":177,"minecraft:diamond_pickaxe":4,"minecraft:charcoal":2,"minecraft:crafting_table":8,"chisel:crude_paneling/oak_planks":1,"minecraft:azure_bluet":2,"minecraft:chicken":3,"minecraft:nether_wart":100,"minecraft:leather_leggings":2,"minecraft:brown_mushroom":7,"minecraft:shield":3,"minecraft:red_bed":1,"minecraft:iron_axe":5,"minecraft:iron_shovel":1,"minecraft:beef":2,"minecraft:oak_boat":6,"minecraft:lectern":50,"minecraft:sugar_cane":13,"minecraft:birch_sapling":13,"minecraft:piston":23,"minecraft:egg":6,"minecraft:raw_iron":192,"minecraft:oak_door":3,"minecraft:carrot":2,"minecraft:redstone":81,"minecraft:dark_oak_planks":3,"minecraft:diamond_chestplate":2,"minecraft:arrow":22,"minecraft:stone_shovel":2,"minecraft:pumpkin_pie":16,"minecraft:diamond_boots":2,"minecraft:hay_block":29,"minecraft:mutton":13,"minecraft:white_wool":8,"minecraft:dark_oak_button":1,"minecraft:glow_ink_sac":2,"minecraft:salmon":6,"minecraft:leather":2,"minecraft:red_mushroom":4,"minecraft:oak_log":971,"minecraft:golden_boots":1,"minecraft:gunpowder":10,"minecraft:cobblestone_stairs":3,"minecraft:cooked_mutton":10,"minecraft:apple":22,"minecraft:iron_ingot":6,"minecraft:stone_pickaxe":6,"minecraft:soul_sand":46,"minecraft:book":9,"minecraft:smooth_basalt":2,"minecraft:sweet_berries":22,"minecraft:dandelion":7,"minecraft:dripstone_block":1,"minecraft:gravel":20,"minecraft:blast_furnace":4,"minecraft:white_bed":11,"minecraft:spider_eye":1,"minecraft:slime_ball":8,"minecraft:stone_axe":2,"minecraft:iron_helmet":1,"minecraft:diamond_axe":2,"minecraft:baked_potato":32,"minecraft:black_wool":1,"minecraft:coal":204},"minecraft:crafted":{"minecraft:oak_planks":3604,"minecraft:blaze_powder":2,"minecraft:lever":1,"minecraft:bookshelf":1,"minecraft:glass":3,"minecraft:diamond_helmet":3,"minecraft:diamond_leggings":3,"minecraft:iron_boots":2,"minecraft:chest":2,"minecraft:glass_bottle":3,"minecraft:emerald":282,"minecraft:diamond_axe":2,"minecraft:crafting_table":6,"minecraft:wooden_pickaxe":2,"minecraft:iron_helmet":11,"minecraft:chainmail_chestplate":3,"minecraft:birch_planks":388,"minecraft:iron_chestplate":2,"minecraft:diamond_pickaxe":3,"minecraft:shield":3,"minecraft:stick":7624,"minecraft:iron_ingot":252,"minecraft:iron_pickaxe":2,"minecraft:iron_block":3,"minecraft:gold_ingot":11,"minecraft:cherry_planks":16,"minecraft:furnace":6,"minecraft:dark_oak_trapdoor":2,"minecraft:white_carpet":3,"minecraft:oak_trapdoor":2,"minecraft:cherry_trapdoor":4,"minecraft:iron_axe":5,"minecraft:stone_pickaxe":2,"minecraft:diamond_boots":3,"minecraft:dark_oak_planks":12,"minecraft:chainmail_leggings":10,"minecraft:wheat":261,"minecraft:sugar":13,"minecraft:dark_oak_button":1,"minecraft:stone_axe":4,"minecraft:enchanted_book":3,"minecraft:bread":123,"minecraft:air":0,"minecraft:oak_boat":2,"minecraft:golden_apple":2,"minecraft:fermented_spider_eye":2,"minecraft:wooden_axe":1,"minecraft:iron_leggings":3,"minecraft:anvil":1,"minecraft:white_bed":1,"minecraft:pumpkin_pie":124,"minecraft:torch":132,"minecraft:diamond_chestplate":3}},"DataVersion":3839}