{"stats":{"minecraft:picked_up":{"minecraft:iron_chestplate":2,"minecraft:wheat":9,"minecraft:nether_brick_fence":3,"minecraft:flower_pot":1,"minecraft:lead":1,"minecraft:oak_stairs":6,"minecraft:enchanted_book":8,"minecraft:brewing_stand":2,"minecraft:string":1434,"minecraft:dark_oak_trapdoor":3,"minecraft:raw_copper":6,"minecraft:cooked_salmon":6,"minecraft:smooth_stone_slab":22,"minecraft:iron_leggings":1,"minecraft:beetroot":1,"minecraft:diamond_leggings":2,"minecraft:cobbled_deepslate":126,"minecraft:gold_nugget":108,"minecraft:smooth_stone":3,"minecraft:iron_pickaxe":3,"minecraft:furnace":6,"minecraft:iron_boots":3,"minecraft:golden_helmet":1,"minecraft:stick":224,"minecraft:composter":5,"minecraft:oak_fence":19,"minecraft:torch":115,"minecraft:porkchop":30,"minecraft:cherry_log":4,"minecraft:pointed_dripstone":7,"minecraft:diorite":3,"minecraft:rotten_flesh":96,"minecraft:bookshelf":1,"minecraft:blaze_rod":8,"minecraft:obsidian":36,"minecraft:cobblestone":286,"minecraft:birch_log":100,"minecraft:feather":2,"minecraft:andesite":40,"minecraft:potato":128,"minecraft:flint":1,"minecraft:tuff":10,"minecraft:lantern":4,"minecraft:lapis_lazuli":52,"minecraft:dirt":163,"minecraft:leather_boots":2,"minecraft:glass":43,"minecraft:bone":43,"minecraft:wheat_seeds":133,"minecraft:raw_gold":16,"minecraft:grindstone":4,"minecraft:fletching_table":14,"minecraft:diamond_helmet":2,"minecraft:stone_hoe":1,"minecraft:oak_planks":96,"minecraft:cooked_porkchop":28,"minecraft:oak_pressure_plate":1,"minecraft:sand":84,"minecraft:fermented_spider_eye":2,"minecraft:sugar":10,"minecraft:diamond":53,"minecraft:lever":24,"minecraft:granite":26,"minecraft:emerald":348,"minecraft:bread":194,"minecraft:oak_sapling":195,"minecraft:netherrack":870,"minecraft:diamond_pickaxe":5,"minecraft:charcoal":2,"minecraft:crafting_table":8,"chisel:crude_paneling/oak_planks":1,"minecraft:azure_bluet":5,"minecraft:chicken":3,"minecraft:nether_wart":100,"minecraft:leather_leggings":2,"minecraft:brown_mushroom":7,"minecraft:packed_ice":258,"minecraft:shield":3,"minecraft:cornflower":1,"minecraft:oak_trapdoor":6,"minecraft:red_bed":1,"minecraft:iron_axe":5,"minecraft:iron_shovel":1,"minecraft:beef":2,"minecraft:oak_boat":11,"minecraft:lectern":202,"minecraft:sugar_cane":13,"minecraft:birch_sapling":16,"minecraft:piston":23,"minecraft:egg":8,"minecraft:raw_iron":192,"minecraft:stone":1,"minecraft:oak_door":3,"minecraft:carrot":2,"minecraft:redstone":81,"minecraft:dark_oak_planks":3,"minecraft:stone_shovel":2,"minecraft:arrow":40,"minecraft:diamond_chestplate":2,"minecraft:pumpkin_pie":16,"minecraft:nether_bricks":36,"minecraft:diamond_boots":3,"minecraft:hay_block":29,"minecraft:mutton":13,"minecraft:white_wool":8,"minecraft:clock":1,"minecraft:dark_oak_button":1,"minecraft:glow_ink_sac":2,"minecraft:salmon":6,"minecraft:leather":4,"minecraft:red_mushroom":4,"minecraft:birch_planks":4,"minecraft:ice":4,"minecraft:oak_log":1173,"minecraft:golden_boots":1,"minecraft:yellow_bed":2,"minecraft:gunpowder":15,"minecraft:cobblestone_stairs":10,"minecraft:cooked_mutton":10,"minecraft:apple":23,"minecraft:iron_ingot":6,"minecraft:stone_pickaxe":6,"minecraft:soul_sand":46,"minecraft:book":58,"minecraft:smooth_basalt":2,"minecraft:sweet_berries":22,"minecraft:quartz":12,"minecraft:dandelion":12,"minecraft:dripstone_block":1,"minecraft:gravel":20,"minecraft:blast_furnace":4,"minecraft:white_bed":13,"minecraft:spruce_log":6,"minecraft:spider_eye":2,"minecraft:slime_ball":8,"minecraft:stone_axe":2,"minecraft:iron_helmet":1,"minecraft:diamond_axe":4,"minecraft:baked_potato":32,"minecraft:black_wool":1,"minecraft:coal":215,"minecraft:hopper":2},"minecraft:crafted":{"minecraft:oak_planks":4412,"minecraft:blaze_powder":2,"minecraft:birch_slab":12,"minecraft:lever":2,"minecraft:bookshelf":5,"minecraft:glass":77,"minecraft:hopper":8,"minecraft:diamond_helmet":3,"minecraft:bow":8,"minecraft:diamond_leggings":3,"minecraft:iron_boots":2,"minecraft:chest":18,"minecraft:glass_bottle":3,"minecraft:emerald":628,"minecraft:arrow":208,"minecraft:diamond_axe":3,"minecraft:crafting_table":7,"minecraft:spruce_planks":24,"minecraft:iron_helmet":11,"minecraft:wooden_pickaxe":2,"minecraft:baked_potato":64,"minecraft:chainmail_chestplate":3,"minecraft:birch_planks":504,"minecraft:lectern":2,"minecraft:iron_chestplate":2,"minecraft:diamond_pickaxe":5,"minecraft:shield":3,"minecraft:stick":9196,"minecraft:iron_ingot":342,"minecraft:compass":6,"minecraft:iron_pickaxe":2,"minecraft:iron_block":6,"minecraft:gold_ingot":33,"minecraft:shears":1,"minecraft:cherry_planks":16,"minecraft:tripwire_hook":4,"minecraft:furnace":6,"minecraft:dark_oak_trapdoor":2,"minecraft:white_carpet":3,"minecraft:oak_trapdoor":12,"minecraft:flint_and_steel":1,"minecraft:lantern":22,"minecraft:cherry_trapdoor":4,"minecraft:iron_axe":5,"minecraft:stone_pickaxe":2,"minecraft:diamond_boots":3,"minecraft:dark_oak_planks":12,"minecraft:chainmail_leggings":10,"minecraft:wheat":261,"minecraft:sugar":13,"minecraft:bucket":4,"minecraft:dark_oak_button":1,"minecraft:stone_axe":4,"minecraft:enchanted_book":14,"minecraft:bread":123,"minecraft:air":0,"minecraft:oak_boat":2,"minecraft:golden_apple":4,"minecraft:fermented_spider_eye":2,"minecraft:wooden_axe":1,"minecraft:iron_shovel":1,"minecraft:iron_leggings":3,"minecraft:anvil":2,"minecraft:white_bed":1,"minecraft:pumpkin_pie":148,"minecraft:torch":132,"minecraft:diamond_chestplate":3},"minecraft:mined":{"minecraft:dark_oak_planks":2,"minecraft:white_bed":12,"minecraft:oak_sapling":5,"minecraft:cherry_log":6,"minecraft:cobblestone_stairs":10,"minecraft:brewing_stand":1,"minecraft:obsidian":20,"minecraft:granite":13,"minecraft:grass_block":80,"minecraft:oak_pressure_plate":1,"chisel:crude_paneling/oak_planks":1,"minecraft:composter":5,"minecraft:hopper":2,"minecraft:smooth_stone":4,"minecraft:tall_seagrass":1,"minecraft:dark_oak_trapdoor":3,"minecraft:iron_ore":70,"minecraft:cobbled_deepslate":4,"minecraft:fire":5,"minecraft:fletching_table":13,"minecraft:deepslate_lapis_ore":5,"minecraft:azure_bluet":5,"minecraft:potted_dandelion":1,"minecraft:pointed_dripstone":1,"minecraft:dirt_path":13,"minecraft:oak_stairs":5,"minecraft:tripwire":6,"minecraft:piston_head":7,"minecraft:deepslate_redstone_ore":18,"minecraft:brown_mushroom":2,"minecraft:red_bed":1,"minecraft:torch":24,"minecraft:blast_furnace":4,"minecraft:glass":21,"minecraft:nether_quartz_ore":5,"minecraft:cobblestone":29,"minecraft:grindstone":4,"minecraft:sugar_cane":9,"minecraft:oak_planks":35,"minecraft:wall_torch":33,"minecraft:birch_log":100,"minecraft:smooth_stone_slab":3,"minecraft:oak_log":1148,"minecraft:sand":75,"minecraft:dirt":76,"minecraft:netherrack":1101,"minecraft:piston":15,"minecraft:oak_leaves":356,"minecraft:deepslate":107,"minecraft:nether_gold_ore":9,"minecraft:diamond_ore":1,"minecraft:tuff":10,"minecraft:deepslate_diamond_ore":39,"minecraft:oak_door":3,"minecraft:lever":20,"minecraft:nether_bricks":35,"minecraft:spruce_leaves":5,"minecraft:hay_block":30,"minecraft:oak_trapdoor":6,"minecraft:furnace":6,"minecraft:andesite":37,"minecraft:bookshelf":8,"minecraft:deepslate_iron_ore":104,"minecraft:lantern":2,"minecraft:packed_ice":287,"minecraft:stone":156,"minecraft:glass_pane":1,"minecraft:dandelion":12,"minecraft:oak_fence":4,"minecraft:crafting_table":8,"minecraft:short_grass":1030,"minecraft:lectern":199,"minecraft:campfire":1,"minecraft:tall_grass":179,"minecraft:copper_ore":3,"minecraft:lapis_ore":1,"minecraft:deepslate_gold_ore":7,"minecraft:diorite":2,"minecraft:birch_planks":4,"minecraft:sweet_berry_bush":9,"minecraft:ice":7,"minecraft:spruce_log":8,"minecraft:birch_leaves":12,"minecraft:yellow_bed":2,"minecraft:coal_ore":61,"minecraft:dark_oak_button":1,"minecraft:gravel":1,"minecraft:gold_ore":9,"minecraft:fern":6},"minecraft:dropped":{"minecraft:soul_sand":23,"minecraft:porkchop":3,"minecraft:diamond_axe":3,"minecraft:oak_log":4,"minecraft:cooked_porkchop":8,"minecraft:dark_oak_button":1,"minecraft:fletching_table":1,"minecraft:emerald":263,"minecraft:dirt":13,"minecraft:ice":4,"minecraft:mutton":1,"minecraft:sugar":1,"minecraft:iron_pickaxe":2,"minecraft:dark_oak_planks":1,"minecraft:oak_door":2,"minecraft:stone_axe":1,"minecraft:rotten_flesh":19,"minecraft:oak_planks":62,"minecraft:cooked_mutton":10,"minecraft:carrot":1,"minecraft:gunpowder":2,"minecraft:leather_leggings":2,"minecraft:arrow":9,"minecraft:glass":1,"minecraft:splash_potion":2,"minecraft:netherrack":19,"minecraft:lectern":6,"minecraft:egg":1,"minecraft:iron_ingot":46,"minecraft:enchanted_book":6,"minecraft:water_bucket":1,"minecraft:bread":69,"minecraft:wheat_seeds":22,"minecraft:diamond_leggings":3,"minecraft:iron_helmet":1,"minecraft:feather":2,"minecraft:cobblestone":10,"minecraft:book":44,"minecraft:apple":1,"minecraft:golden_apple":2,"minecraft:stick":31,"minecraft:diorite":3,"minecraft:torch":26,"minecraft:diamond_helmet":3,"minecraft:iron_leggings":1,"minecraft:iron_axe":6,"minecraft:string":33,"minecraft:furnace":1,"minecraft:raw_copper":5,"minecraft:raw_iron":4,"minecraft:stone_shovel":1,"minecraft:iron_boots":2,"minecraft:shield":1,"minecraft:diamond_chestplate":3,"minecraft:iron_chestplate":2,"minecraft:diamond_pickaxe":5,"minecraft:oak_sapling":2,"minecraft:diamond_boots":3,"minecraft:bow":1,"minecraft:stone_pickaxe":3,"minecraft:wooden_pickaxe":2},"minecraft:broken":{"minecraft:golden_boots":1,"minecraft:stone_axe":2,"minecraft:iron_axe":4},"minecraft:custom":{"minecraft:interact_with_crafting_table":89,"minecraft:bell_ring":26,"minecraft:leave_game":14,"minecraft:time_since_death":247662,"minecraft:sprint_one_cm":2277042,"minecraft:damage_blocked_by_shield":4158,"minecraft:drop":149,"minecraft:talked_to_villager":579,"minecraft:play_time":816368,"minecraft:deaths":9,"minecraft:jump":18521,"minecraft:interact_with_brewingstand":12,"minecraft:walk_on_water_one_cm":49630,"minecraft:interact_with_furnace":161,"minecraft:traded_with_villager":789,"minecraft:sleep_in_bed":34,"minecraft:damage_dealt":22392,"minecraft:crouch_one_cm":63572,"minecraft:interact_with_smoker":14,"minecraft:horse_one_cm":25058,"minecraft:interact_with_anvil":12,"minecraft:mob_kills":133,"minecraft:inspect_hopper":1,"minecraft:interact_with_campfire":32,"minecraft:walk_one_cm":1894353,"minecraft:sneak_time":18054,"minecraft:walk_under_water_one_cm":24401,"minecraft:boat_one_cm":4605,"minecraft:total_world_time":816368,"minecraft:pot_flower":2,"minecraft:interact_with_grindstone":2,"minecraft:time_since_rest":40112,"minecraft:damage_taken":11425,"minecraft:swim_one_cm":120430,"minecraft:fly_one_cm":4549725,"minecraft:open_chest":520,"minecraft:fall_one_cm":588495},"minecraft:killed_by":{"minecraft:creeper":2,"minecraft:zombie":1,"minecraft:spider":1,"minecraft:iron_golem":1,"minecraft:skeleton":2},"minecraft:killed":{"minecraft:spider":13,"minecraft:skeleton":18,"minecraft:chicken":3,"minecraft:skeleton_horse":2,"minecraft:piglin":1,"minecraft:pig":10,"minecraft:salmon":6,"minecraft:creeper":8,"minecraft:sheep":8,"minecraft:trader_llama":2,"minecraft:pillager":2,"minecraft:zombie":53,"minecraft:blaze":3,"minecraft:cow":1,"minecraft:drowned":1},"minecraft:used":{"minecraft:iron_shovel":83,"minecraft:chest":10,"minecraft:shield":48,"minecraft:iron_chestplate":1,"minecraft:mutton":6,"minecraft:nether_bricks":20,"minecraft:carrot":1,"minecraft:tuff":10,"minecraft:azure_bluet":1,"minecraft:obsidian":27,"minecraft:glass":56,"minecraft:packed_ice":195,"minecraft:lantern":20,"minecraft:birch_sapling":3,"minecraft:iron_helmet":1,"minecraft:dark_oak_button":1,"minecraft:bow":26,"minecraft:sweet_berries":12,"minecraft:oak_sapling":110,"minecraft:furnace":7,"minecraft:egg":5,"minecraft:stone_pickaxe":95,"minecraft:oak_planks":54,"minecraft:wooden_pickaxe":19,"minecraft:composter":3,"minecraft:diamond_axe":1134,"minecraft:dark_oak_trapdoor":5,"minecraft:blast_furnace":5,"minecraft:dripstone_block":1,"minecraft:shears":8,"minecraft:lever":26,"minecraft:bread":132,"minecraft:string":21,"minecraft:lectern":198,"minecraft:gravel":16,"minecraft:grindstone":3,"minecraft:andesite":29,"minecraft:smooth_stone_slab":22,"minecraft:oak_boat":11,"minecraft:oak_fence":2,"minecraft:oak_trapdoor":17,"minecraft:flint_and_steel":3,"minecraft:cooked_salmon":6,"minecraft:netherrack":774,"minecraft:oak_door":1,"minecraft:torch":145,"minecraft:brewing_stand":1,"minecraft:dirt":79,"minecraft:anvil":2,"minecraft:white_carpet":1,"minecraft:hopper":10,"minecraft:granite":2,"minecraft:dark_oak_planks":3,"minecraft:wooden_axe":12,"minecraft:bookshelf":4,"minecraft:iron_axe":981,"minecraft:oak_stairs":3,"minecraft:cherry_trapdoor":4,"minecraft:iron_boots":1,"minecraft:smooth_basalt":2,"minecraft:tripwire_hook":2,"minecraft:beef":2,"minecraft:cooked_beef":2,"minecraft:cobbled_deepslate":77,"minecraft:cooked_mutton":5,"minecraft:water_bucket":6,"minecraft:cobblestone_stairs":4,"minecraft:birch_planks":5,"minecraft:glass_bottle":3,"minecraft:baked_potato":45,"minecraft:fletching_table":14,"minecraft:oak_slab":2,"minecraft:crafting_table":14,"minecraft:red_bed":2,"minecraft:white_bed":13,"minecraft:oak_log":1,"minecraft:piston":22,"minecraft:black_wool":1,"minecraft:diamond_pickaxe":1781,"minecraft:chicken":2,"minecraft:iron_pickaxe":403,"minecraft:stone_axe":253,"minecraft:cobblestone":341,"minecraft:porkchop":2,"minecraft:cooked_porkchop":9,"minecraft:bucket":8,"minecraft:pumpkin_pie":91,"minecraft:yellow_bed":3,"minecraft:stripped_oak_log":1,"minecraft:dandelion":2,"minecraft:splash_potion":2,"minecraft:smooth_stone":18}},"DataVersion":3839}