{"stats":{"minecraft:crafted":{"minecraft:oak_planks":24,"minecraft:stick":16,"minecraft:wooden_axe":1,"minecraft:torch":56},"minecraft:custom":{"minecraft:time_since_rest":925,"minecraft:sprint_one_cm":77192,"minecraft:damage_taken":460,"minecraft:walk_one_cm":52897,"minecraft:mob_kills":7,"minecraft:damage_dealt":827,"minecraft:swim_one_cm":2286,"minecraft:interact_with_crafting_table":1,"minecraft:fly_one_cm":88583,"minecraft:open_chest":2,"minecraft:deaths":1,"minecraft:crouch_one_cm":1685,"minecraft:play_time":20758,"minecraft:sneak_time":616,"minecraft:walk_under_water_one_cm":282,"minecraft:jump":495,"minecraft:leave_game":2,"minecraft:walk_on_water_one_cm":1019,"minecraft:time_since_death":870,"minecraft:total_world_time":20758,"minecraft:fall_one_cm":11334},"minecraft:picked_up":{"minecraft:raw_iron":27,"minecraft:sweet_berries":22,"minecraft:andesite":1,"minecraft:leather":2,"minecraft:torch":4,"minecraft:dripstone_block":1,"minecraft:porkchop":3,"minecraft:oak_log":6,"minecraft:pointed_dripstone":7,"minecraft:shield":1,"minecraft:arrow":2,"minecraft:bone":2,"minecraft:cobbled_deepslate":3,"minecraft:beef":2,"minecraft:iron_pickaxe":1,"minecraft:mutton":6,"minecraft:coal":29,"minecraft:white_wool":4,"minecraft:cobblestone":18},"minecraft:mined":{"minecraft:iron_ore":9,"minecraft:sweet_berry_bush":9,"minecraft:short_grass":1,"minecraft:pointed_dripstone":1,"minecraft:oak_log":6,"minecraft:coal_ore":30,"minecraft:deepslate_iron_ore":19,"minecraft:stone":16,"minecraft:deepslate":3,"minecraft:wall_torch":4,"minecraft:oak_leaves":1,"minecraft:fern":2},"minecraft:killed_by":{"minecraft:skeleton":1},"minecraft:used":{"minecraft:wooden_axe":12,"minecraft:iron_pickaxe":81,"minecraft:torch":40,"minecraft:cobblestone":9,"minecraft:mutton":6,"minecraft:beef":2,"minecraft:sweet_berries":12,"minecraft:porkchop":2,"minecraft:andesite":1,"minecraft:dripstone_block":1,"minecraft:cobbled_deepslate":3},"minecraft:killed":{"minecraft:sheep":4,"minecraft:zombie":2,"minecraft:cow":1}},"DataVersion":3839}