{"stats":{"minecraft:broken":{"minecraft:stone_pickaxe":1,"minecraft:stone_axe":1,"minecraft:iron_pickaxe":1},"minecraft:mined":{"minecraft:tuff":51,"minecraft:deepslate_diamond_ore":25,"minecraft:cherry_log":19,"minecraft:obsidian":17,"minecraft:spruce_trapdoor":13,"minecraft:granite":23,"minecraft:grass_block":47,"minecraft:spruce_fence":8,"minecraft:spruce_leaves":41,"minecraft:red_mushroom":2,"minecraft:large_fern":14,"minecraft:tall_seagrass":1,"minecraft:redstone_ore":1,"minecraft:spruce_sapling":3,"minecraft:furnace":4,"minecraft:iron_ore":21,"minecraft:andesite":66,"minecraft:pumpkin":12,"minecraft:deepslate_lapis_ore":8,"minecraft:deepslate_iron_ore":9,"minecraft:dirt_path":2,"minecraft:purple_carpet":2,"minecraft:stone":272,"minecraft:spruce_slab":1,"minecraft:deepslate_redstone_ore":68,"minecraft:brown_mushroom":1,"minecraft:glass_pane":1,"minecraft:cherry_planks":9,"minecraft:crafting_table":8,"minecraft:torch":2,"minecraft:short_grass":24,"minecraft:poppy":1,"minecraft:chest":1,"minecraft:lectern":22,"minecraft:spruce_wall_sign":1,"minecraft:tall_grass":5,"minecraft:copper_ore":4,"minecraft:cobblestone":4,"minecraft:deepslate_gold_ore":15,"minecraft:grindstone":1,"minecraft:sugar_cane":35,"minecraft:oak_planks":1,"minecraft:diorite":35,"minecraft:wall_torch":7,"minecraft:blue_bed":6,"minecraft:seagrass":1,"minecraft:spruce_stairs":2,"minecraft:purple_bed":1,"minecraft:spruce_log":237,"minecraft:oak_log":158,"minecraft:cherry_leaves":5,"minecraft:gravel":19,"minecraft:dirt":58,"minecraft:polished_andesite":3,"minecraft:oak_leaves":15,"minecraft:deepslate":367,"minecraft:fern":9},"minecraft:dropped":{"minecraft:iron_ingot":1,"minecraft:wheat_seeds":2,"minecraft:cobblestone":1,"minecraft:dirt":2,"minecraft:ink_sac":1,"minecraft:sweet_berries":5,"minecraft:rotten_flesh":4,"minecraft:spruce_fence":2,"minecraft:rabbit_foot":1,"minecraft:andesite":1,"minecraft:arrow":2,"minecraft:stone_pickaxe":1},"minecraft:killed_by":{"minecraft:creeper":1,"minecraft:skeleton":1},"minecraft:picked_up":{"minecraft:charcoal":1,"minecraft:crafting_table":8,"minecraft:iron_chestplate":1,"minecraft:brown_mushroom":4,"minecraft:string":5,"minecraft:raw_copper":12,"minecraft:flint_and_steel":1,"minecraft:iron_leggings":1,"minecraft:iron_shovel":1,"minecraft:cobbled_deepslate":367,"minecraft:spruce_planks":7,"minecraft:beef":30,"minecraft:poppy":1,"minecraft:spruce_slab":1,"minecraft:lectern":22,"minecraft:sugar_cane":64,"minecraft:chest":1,"minecraft:spruce_trapdoor":13,"minecraft:furnace":4,"minecraft:iron_boots":1,"minecraft:egg":7,"minecraft:stick":44,"minecraft:raw_iron":30,"minecraft:torch":9,"minecraft:spruce_stairs":2,"minecraft:spruce_fence":9,"minecraft:porkchop":30,"minecraft:cherry_log":19,"minecraft:diorite":35,"minecraft:redstone":277,"minecraft:rabbit_foot":1,"minecraft:arrow":2,"minecraft:rotten_flesh":6,"minecraft:gold_ingot":3,"minecraft:obsidian":17,"minecraft:cobblestone":275,"minecraft:cooked_beef":21,"minecraft:cherry_planks":9,"minecraft:andesite":66,"minecraft:leather":14,"minecraft:red_mushroom":2,"minecraft:flint":1,"minecraft:tuff":51,"minecraft:oak_log":158,"minecraft:paper":3,"minecraft:lapis_lazuli":49,"minecraft:dirt":121,"minecraft:blue_bed":8,"minecraft:purple_carpet":2,"minecraft:bone":3,"minecraft:apple":4,"minecraft:wheat_seeds":2,"minecraft:raw_gold":15,"minecraft:rabbit_hide":2,"minecraft:grindstone":2,"minecraft:rabbit":2,"minecraft:oak_planks":1,"minecraft:book":3,"minecraft:cooked_porkchop":27,"minecraft:pumpkin":24,"minecraft:sweet_berries":39,"minecraft:gravel":23,"minecraft:spruce_sapling":42,"minecraft:ink_sac":6,"minecraft:spruce_log":233,"minecraft:spider_eye":3,"minecraft:polished_andesite":3,"minecraft:purple_bed":1,"minecraft:diamond":25,"minecraft:spruce_boat":8,"minecraft:iron_helmet":1,"minecraft:granite":23,"minecraft:cherry_sapling":5,"minecraft:spruce_sign":3,"minecraft:bread":58,"minecraft:oak_sapling":32,"minecraft:diamond_pickaxe":1},"minecraft:custom":{"minecraft:mob_kills":47,"minecraft:interact_with_crafting_table":58,"minecraft:interact_with_campfire":52,"minecraft:leave_game":5,"minecraft:time_since_death":80073,"minecraft:sprint_one_cm":521713,"minecraft:walk_one_cm":379090,"minecraft:drop":15,"minecraft:talked_to_villager":73,"minecraft:play_time":211967,"minecraft:sneak_time":4413,"minecraft:deaths":2,"minecraft:walk_under_water_one_cm":6328,"minecraft:boat_one_cm":15022,"minecraft:jump":3556,"minecraft:walk_on_water_one_cm":44880,"minecraft:enchant_item":2,"minecraft:total_world_time":211967,"minecraft:interact_with_furnace":34,"minecraft:traded_with_villager":104,"minecraft:interact_with_grindstone":2,"minecraft:sleep_in_bed":10,"minecraft:time_since_rest":18549,"minecraft:damage_taken":2107,"minecraft:damage_dealt":6384,"minecraft:swim_one_cm":41192,"minecraft:fly_one_cm":482912,"minecraft:open_chest":45,"minecraft:crouch_one_cm":12814,"minecraft:fall_one_cm":71995},"minecraft:killed":{"minecraft:spider":4,"minecraft:skeleton":3,"minecraft:horse":8,"minecraft:piglin":1,"minecraft:pig":11,"minecraft:rabbit":1,"minecraft:squid":2,"minecraft:creeper":1,"minecraft:zombie":3,"minecraft:cow":12},"minecraft:used":{"minecraft:enchanting_table":1,"minecraft:iron_shovel":62,"minecraft:flint_and_steel":2,"minecraft:spruce_slab":1,"minecraft:poppy":1,"minecraft:chest":3,"minecraft:torch":48,"minecraft:dirt":86,"minecraft:spruce_fence":15,"minecraft:obsidian":11,"minecraft:spruce_boat":9,"minecraft:iron_helmet":1,"minecraft:sweet_berries":34,"minecraft:oak_sapling":32,"minecraft:furnace":5,"minecraft:egg":7,"minecraft:cooked_beef":7,"minecraft:cobbled_deepslate":7,"minecraft:diorite":25,"minecraft:stone_pickaxe":283,"minecraft:polished_andesite":43,"minecraft:oak_planks":9,"minecraft:brown_mushroom":4,"minecraft:sugar_cane":22,"minecraft:wooden_pickaxe":40,"minecraft:cherry_planks":78,"minecraft:blue_bed":8,"minecraft:composter":1,"minecraft:diamond_axe":485,"minecraft:spruce_sign":4,"minecraft:crafting_table":10,"minecraft:red_mushroom":2,"minecraft:diamond_pickaxe":460,"minecraft:bread":32,"minecraft:iron_pickaxe":247,"minecraft:lectern":23,"minecraft:spruce_trapdoor":5,"minecraft:spruce_sapling":42,"minecraft:gravel":3,"minecraft:stone_axe":110,"minecraft:cobblestone":101,"minecraft:purple_bed":1,"minecraft:grindstone":1,"minecraft:andesite":20,"chisel:braid/oak_planks":3,"minecraft:purple_carpet":1},"minecraft:crafted":{"minecraft:cherry_planks":76,"minecraft:oak_planks":632,"minecraft:furnace":1,"minecraft:spruce_fence":9,"minecraft:bookshelf":1,"minecraft:flint_and_steel":1,"minecraft:iron_boots":1,"minecraft:spruce_slab":18,"minecraft:stone_pickaxe":3,"minecraft:chest":3,"minecraft:spruce_boat":2,"minecraft:emerald":88,"minecraft:spruce_sign":3,"minecraft:diamond_axe":1,"minecraft:crafting_table":3,"minecraft:spruce_planks":872,"minecraft:enchanting_table":1,"minecraft:iron_helmet":1,"minecraft:wooden_pickaxe":1,"minecraft:stone_axe":1,"minecraft:enchanted_book":2,"minecraft:bread":84,"minecraft:air":0,"minecraft:lectern":1,"minecraft:iron_chestplate":1,"minecraft:book":14,"minecraft:paper":42,"minecraft:diamond_pickaxe":1,"minecraft:charcoal":10,"minecraft:stick":2770,"minecraft:iron_ingot":29,"minecraft:iron_pickaxe":1,"minecraft:iron_shovel":1,"minecraft:iron_leggings":1,"minecraft:gold_ingot":3,"minecraft:composter":1,"minecraft:torch":40,"minecraft:polished_andesite":40}},"DataVersion":3839}