{"stats":{"minecraft:picked_up":{"minecraft:iron_chestplate":9,"minecraft:wheat":1,"minecraft:nether_brick_fence":18,"minecraft:potion":10,"minecraft:enchanted_book":6,"chisel:cracked/cobblestone":2,"minecraft:brewing_stand":5,"minecraft:string":74,"minecraft:raw_copper":364,"minecraft:iron_leggings":9,"minecraft:shroomlight":44,"minecraft:gold_nugget":244,"minecraft:cobbled_deepslate":503,"minecraft:spruce_planks":8,"minecraft:melon_slice":295,"minecraft:furnace":5,"minecraft:iron_boots":2,"minecraft:stick":67,"minecraft:composter":2,"minecraft:torch":24,"minecraft:spruce_stairs":2,"minecraft:porkchop":76,"minecraft:cherry_log":19,"minecraft:pointed_dripstone":6,"minecraft:diorite":145,"minecraft:golden_chestplate":2,"minecraft:cauldron":2,"minecraft:rabbit_foot":1,"minecraft:orange_bed":4,"minecraft:rotten_flesh":16,"minecraft:blaze_rod":17,"minecraft:obsidian":101,"minecraft:cobblestone":1304,"minecraft:feather":1,"minecraft:cooked_beef":52,"minecraft:cherry_planks":9,"minecraft:iron_door":1,"minecraft:water_bucket":2,"minecraft:andesite":74,"minecraft:flint":4,"minecraft:tuff":51,"minecraft:acacia_boat":10,"minecraft:lapis_lazuli":59,"minecraft:dirt":312,"minecraft:purple_carpet":2,"minecraft:bone":19,"minecraft:bow":3,"minecraft:orange_tulip":1,"minecraft:wheat_seeds":18,"minecraft:raw_gold":45,"minecraft:bell":2,"minecraft:grindstone":2,"minecraft:glowstone_dust":168,"minecraft:rabbit":2,"minecraft:bamboo":259,"minecraft:oak_planks":1,"minecraft:cooked_porkchop":54,"minecraft:sand":25,"minecraft:ink_sac":9,"minecraft:acacia_stairs":7,"minecraft:red_terracotta":8,"minecraft:polished_andesite":3,"minecraft:diamond":81,"minecraft:spruce_boat":29,"chisel:prism/cobblestone":1,"minecraft:lever":20,"minecraft:granite":29,"minecraft:golden_apple":4,"minecraft:spruce_sign":3,"minecraft:emerald":9,"minecraft:bread":96,"minecraft:oak_sapling":32,"minecraft:netherrack":406,"minecraft:crimson_roots":6,"minecraft:diamond_pickaxe":8,"minecraft:charcoal":1,"minecraft:crafting_table":10,"minecraft:splash_potion":3,"minecraft:chicken":1,"minecraft:nether_wart":152,"minecraft:brown_mushroom":52,"minecraft:gold_block":8,"minecraft:shield":4,"chisel:panel/cobblestone":6,"minecraft:flint_and_steel":6,"minecraft:white_carpet":2,"minecraft:iron_shovel":7,"minecraft:blackstone":58,"minecraft:beef":99,"minecraft:iron_nugget":51,"minecraft:poppy":1,"minecraft:spruce_slab":1,"minecraft:lectern":22,"minecraft:sugar_cane":570,"minecraft:chest":10,"minecraft:piston":20,"minecraft:spruce_trapdoor":13,"minecraft:diamond_hoe":7,"minecraft:egg":7,"minecraft:raw_iron":96,"minecraft:spruce_fence":10,"minecraft:redstone":397,"minecraft:iron_horse_armor":1,"chisel:dent/cobblestone":32,"minecraft:weeping_vines":1,"minecraft:arrow":30,"minecraft:nether_bricks":110,"minecraft:yellow_terracotta":1,"minecraft:saddle":3,"minecraft:gold_ingot":10,"minecraft:polished_blackstone":4,"minecraft:mutton":16,"minecraft:white_wool":25,"minecraft:basalt":158,"minecraft:crimson_stem":68,"minecraft:leather":85,"minecraft:red_mushroom":7,"minecraft:acacia_wood":1,"minecraft:crimson_fungus":9,"minecraft:oak_log":158,"minecraft:golden_boots":5,"minecraft:nether_wart_block":20,"minecraft:blue_bed":10,"minecraft:paper":3,"minecraft:apple":4,"minecraft:rabbit_hide":2,"minecraft:iron_ingot":128,"minecraft:soul_sand":102,"minecraft:book":3,"minecraft:warped_fungus":1,"minecraft:pumpkin":46,"minecraft:sweet_berries":119,"minecraft:stone_brick_slab":2,"minecraft:quartz":64,"minecraft:dripstone_block":10,"minecraft:gravel":54,"minecraft:spruce_sapling":42,"minecraft:blast_furnace":3,"minecraft:spruce_log":361,"minecraft:spider_eye":18,"minecraft:purple_bed":9,"chisel:solid_bricks/cobblestone":16,"minecraft:iron_helmet":9,"minecraft:diamond_axe":10,"minecraft:cherry_sapling":5,"minecraft:baked_potato":51,"minecraft:coal":45},"minecraft:crafted":{"minecraft:oak_planks":632,"minecraft:lever":3,"minecraft:diamond_shovel":1,"minecraft:bookshelf":1,"minecraft:glass":25,"minecraft:hopper":6,"minecraft:bow":1,"minecraft:iron_boots":1,"minecraft:polished_blackstone":4,"minecraft:polished_basalt":4,"minecraft:chest":12,"minecraft:iron_door":3,"minecraft:golden_boots":1,"minecraft:glass_bottle":6,"minecraft:emerald":88,"minecraft:cooked_porkchop":18,"minecraft:diamond_axe":1,"minecraft:crafting_table":6,"minecraft:spruce_planks":976,"minecraft:wooden_pickaxe":1,"minecraft:iron_helmet":2,"minecraft:brewing_stand":1,"minecraft:lectern":1,"minecraft:iron_chestplate":2,"minecraft:book":14,"minecraft:paper":90,"minecraft:diamond_pickaxe":3,"minecraft:charcoal":10,"minecraft:shield":1,"minecraft:stick":2791,"minecraft:iron_ingot":61,"minecraft:iron_pickaxe":1,"minecraft:gold_ingot":30,"minecraft:composter":1,"minecraft:polished_blackstone_bricks":4,"minecraft:polished_andesite":40,"minecraft:cherry_planks":76,"minecraft:diamond_hoe":1,"minecraft:furnace":1,"minecraft:piston":2,"minecraft:spruce_fence":9,"minecraft:flint_and_steel":2,"minecraft:spruce_slab":18,"minecraft:stone_pickaxe":3,"minecraft:spruce_boat":4,"minecraft:crimson_planks":12,"minecraft:spruce_sign":3,"minecraft:enchanting_table":1,"minecraft:bucket":2,"minecraft:stone_axe":1,"minecraft:enchanted_book":2,"minecraft:bread":84,"minecraft:air":0,"minecraft:iron_shovel":1,"minecraft:iron_leggings":2,"minecraft:torch":80},"minecraft:mined":{"minecraft:spruce_planks":1,"minecraft:cherry_log":19,"chisel:solid_bricks/cobblestone":16,"minecraft:brewing_stand":4,"minecraft:obsidian":74,"minecraft:spruce_trapdoor":13,"minecraft:granite":29,"minecraft:grass_block":163,"minecraft:composter":1,"minecraft:crimson_fungus":7,"minecraft:nether_wart":38,"minecraft:tall_seagrass":1,"minecraft:weeping_vines_plant":6,"minecraft:glowstone":31,"minecraft:iron_ore":55,"minecraft:cobbled_deepslate":22,"minecraft:fire":68,"minecraft:pumpkin":23,"minecraft:deepslate_lapis_ore":8,"minecraft:pointed_dripstone":1,"minecraft:water_cauldron":1,"minecraft:dirt_path":2,"minecraft:purple_carpet":2,"minecraft:spruce_slab":1,"minecraft:orange_bed":4,"minecraft:piston_head":14,"minecraft:deepslate_redstone_ore":68,"minecraft:brown_mushroom":11,"minecraft:red_bed":1,"minecraft:blackstone":61,"minecraft:crimson_nylium":8,"minecraft:torch":7,"minecraft:blast_furnace":1,"minecraft:poppy":1,"minecraft:melon":16,"minecraft:chest":4,"minecraft:spruce_wall_sign":1,"minecraft:nether_quartz_ore":65,"minecraft:cobblestone":27,"minecraft:grindstone":1,"minecraft:sugar_cane":224,"minecraft:oak_planks":1,"minecraft:wall_torch":12,"minecraft:deepslate_copper_ore":25,"minecraft:seagrass":2,"minecraft:nether_wart_block":17,"minecraft:orange_tulip":1,"minecraft:warped_fungus":1,"minecraft:oak_log":158,"minecraft:sand":25,"minecraft:dirt":108,"minecraft:netherrack":345,"minecraft:piston":5,"minecraft:oak_leaves":17,"minecraft:deepslate":380,"minecraft:yellow_terracotta":1,"minecraft:nether_gold_ore":62,"minecraft:tuff":51,"minecraft:deepslate_diamond_ore":25,"minecraft:lever":18,"minecraft:nether_bricks":57,"minecraft:spruce_fence":9,"minecraft:crimson_roots":8,"minecraft:spruce_leaves":43,"minecraft:red_mushroom":2,"minecraft:crimson_stem":58,"minecraft:large_fern":14,"minecraft:redstone_ore":1,"minecraft:spruce_sapling":3,"minecraft:furnace":5,"minecraft:acacia_wood":1,"minecraft:acacia_stairs":3,"minecraft:andesite":74,"minecraft:gold_block":3,"minecraft:bell":2,"minecraft:nether_brick_fence":23,"minecraft:deepslate_iron_ore":9,"minecraft:shroomlight":41,"minecraft:vine":1,"minecraft:bamboo":9,"minecraft:stone":1174,"minecraft:glass_pane":2,"minecraft:cherry_planks":9,"minecraft:soul_sand":72,"minecraft:basalt":183,"minecraft:stone_brick_slab":2,"minecraft:crafting_table":10,"minecraft:short_grass":121,"minecraft:lectern":22,"chisel:dent/cobblestone":34,"minecraft:tall_grass":26,"minecraft:copper_ore":10,"chisel:prism/cobblestone":1,"minecraft:deepslate_gold_ore":15,"minecraft:lapis_ore":2,"minecraft:diorite":145,"minecraft:blue_bed":8,"minecraft:spruce_stairs":2,"minecraft:purple_bed":7,"minecraft:red_terracotta":5,"minecraft:white_carpet":1,"minecraft:spruce_log":251,"chisel:cracked/cobblestone":2,"minecraft:coal_ore":40,"chisel:panel/cobblestone":6,"minecraft:cherry_leaves":5,"minecraft:gravel":57,"minecraft:dripstone_block":5,"minecraft:polished_blackstone":4,"minecraft:polished_andesite":3,"minecraft:gold_ore":10,"minecraft:fern":23},"minecraft:dropped":{"minecraft:piston":1,"minecraft:brown_mushroom":2,"minecraft:diamond_axe":2,"minecraft:saddle":1,"minecraft:emerald":1,"minecraft:dirt":10,"minecraft:white_wool":5,"minecraft:bone":2,"minecraft:lever":1,"minecraft:iron_nugget":17,"minecraft:cobbled_deepslate":1,"minecraft:wheat":1,"minecraft:pointed_dripstone":6,"minecraft:rotten_flesh":4,"minecraft:acacia_stairs":5,"minecraft:rabbit_foot":1,"minecraft:basalt":30,"minecraft:arrow":3,"minecraft:netherrack":87,"minecraft:iron_ingot":57,"minecraft:wheat_seeds":9,"minecraft:dripstone_block":10,"minecraft:feather":1,"minecraft:yellow_terracotta":1,"minecraft:cobblestone":1,"minecraft:coal":4,"minecraft:golden_apple":1,"minecraft:diorite":1,"minecraft:ink_sac":1,"minecraft:torch":1,"minecraft:melon_slice":64,"minecraft:potion":1,"minecraft:polished_basalt":4,"minecraft:string":5,"minecraft:stone_brick_slab":2,"minecraft:redstone":60,"minecraft:sweet_berries":5,"minecraft:diamond_hoe":2,"minecraft:chicken":1,"minecraft:white_carpet":2,"minecraft:spruce_fence":2,"minecraft:red_terracotta":4,"minecraft:flint_and_steel":2,"minecraft:spruce_planks":3,"minecraft:andesite":1,"minecraft:bamboo":124,"minecraft:spruce_log":56,"minecraft:bow":2,"minecraft:stone_pickaxe":1},"minecraft:broken":{"minecraft:iron_shovel":1,"minecraft:stone_pickaxe":1,"minecraft:diamond_pickaxe":1,"minecraft:stone_axe":1,"minecraft:iron_pickaxe":1},"minecraft:custom":{"minecraft:interact_with_crafting_table":89,"minecraft:bell_ring":4,"minecraft:leave_game":15,"minecraft:time_since_death":42107,"minecraft:sprint_one_cm":1539633,"minecraft:damage_blocked_by_shield":1155,"minecraft:drop":80,"minecraft:talked_to_villager":100,"minecraft:play_time":549996,"minecraft:deaths":11,"minecraft:jump":11331,"minecraft:interact_with_brewingstand":5,"minecraft:walk_on_water_one_cm":97259,"minecraft:enchant_item":4,"minecraft:interact_with_furnace":58,"minecraft:traded_with_villager":104,"minecraft:sleep_in_bed":25,"minecraft:damage_dealt":18951,"minecraft:crouch_one_cm":84916,"minecraft:mob_kills":124,"minecraft:interact_with_campfire":67,"minecraft:climb_one_cm":2419,"minecraft:walk_one_cm":1116269,"minecraft:sneak_time":21907,"minecraft:walk_under_water_one_cm":33121,"minecraft:boat_one_cm":142227,"minecraft:total_world_time":549996,"minecraft:interact_with_grindstone":2,"minecraft:time_since_rest":1008,"minecraft:damage_taken":9897,"minecraft:swim_one_cm":167376,"minecraft:fly_one_cm":2158594,"minecraft:open_chest":306,"minecraft:fall_one_cm":256491},"minecraft:killed_by":{"minecraft:ghast":1,"minecraft:zombie_villager":2,"minecraft:creeper":2,"minecraft:skeleton":4},"minecraft:killed":{"minecraft:witch":1,"minecraft:spider":12,"minecraft:skeleton":13,"minecraft:chicken":1,"minecraft:piglin":5,"minecraft:pig":19,"minecraft:creeper":1,"minecraft:sheep":5,"minecraft:zombie":11,"minecraft:cow":26,"minecraft:blaze":11,"minecraft:horse":11,"minecraft:rabbit":1,"minecraft:hoglin":1,"minecraft:squid":3,"minecraft:wither_skeleton":1},"minecraft:used":{"minecraft:iron_shovel":266,"minecraft:spruce_slab":1,"minecraft:polished_blackstone":4,"minecraft:poppy":1,"minecraft:diamond_hoe":178,"minecraft:chest":14,"minecraft:shield":19,"minecraft:bell":1,"minecraft:iron_chestplate":1,"minecraft:nether_bricks":2,"minecraft:obsidian":42,"minecraft:spruce_boat":27,"minecraft:iron_helmet":2,"chisel:panel/cobblestone":160,"minecraft:bow":4,"minecraft:sweet_berries":34,"minecraft:oak_sapling":32,"minecraft:furnace":6,"minecraft:egg":7,"chisel:dent/cobblestone":167,"minecraft:golden_boots":1,"minecraft:diorite":25,"chisel:cracked/cobblestone":2,"minecraft:oak_planks":9,"minecraft:stone_pickaxe":283,"minecraft:orange_tulip":1,"minecraft:blackstone":33,"minecraft:wooden_pickaxe":40,"minecraft:composter":1,"minecraft:sugar_cane":52,"minecraft:blue_bed":9,"minecraft:diamond_axe":851,"chisel:prism/cobblestone":1,"minecraft:lever":20,"minecraft:bread":85,"minecraft:lectern":23,"minecraft:iron_door":2,"minecraft:gravel":13,"minecraft:nether_wart_block":20,"minecraft:grindstone":1,"minecraft:andesite":20,"minecraft:enchanting_table":1,"minecraft:flint_and_steel":12,"minecraft:spruce_planks":1,"minecraft:netherrack":231,"minecraft:orange_bed":3,"minecraft:torch":63,"minecraft:brewing_stand":4,"minecraft:dirt":239,"minecraft:granite":6,"minecraft:spruce_fence":15,"minecraft:shroomlight":33,"minecraft:bamboo":9,"minecraft:basalt":128,"minecraft:acacia_wood":1,"minecraft:cooked_beef":29,"minecraft:cobbled_deepslate":231,"minecraft:iron_leggings":2,"minecraft:crimson_stem":1,"minecraft:wheat_seeds":1,"minecraft:acacia_boat":10,"minecraft:water_bucket":4,"minecraft:glass_bottle":6,"minecraft:polished_andesite":43,"minecraft:cherry_planks":78,"minecraft:brown_mushroom":5,"minecraft:cauldron":1,"minecraft:spruce_sign":4,"minecraft:polished_blackstone_bricks":4,"minecraft:crafting_table":15,"minecraft:red_mushroom":2,"chisel:solid_bricks/cobblestone":107,"minecraft:piston":20,"minecraft:diamond_pickaxe":2668,"minecraft:acacia_stairs":2,"minecraft:diamond_shovel":58,"minecraft:iron_pickaxe":247,"minecraft:spruce_trapdoor":5,"minecraft:spruce_sapling":42,"minecraft:stone_axe":110,"minecraft:cobblestone":248,"minecraft:purple_bed":5,"minecraft:porkchop":7,"minecraft:cooked_porkchop":30,"minecraft:bucket":5,"chisel:braid/oak_planks":3,"minecraft:purple_carpet":1,"minecraft:splash_potion":1}},"DataVersion":3839}