{"stats":{"minecraft:mined":{"minecraft:nether_gold_ore":62,"minecraft:tuff":51,"minecraft:deepslate_diamond_ore":25,"minecraft:cherry_log":19,"minecraft:obsidian":17,"minecraft:spruce_trapdoor":13,"minecraft:nether_bricks":57,"minecraft:granite":23,"minecraft:grass_block":86,"minecraft:spruce_fence":8,"minecraft:crimson_roots":8,"minecraft:spruce_leaves":43,"minecraft:crimson_fungus":7,"minecraft:red_mushroom":2,"minecraft:nether_wart":38,"minecraft:crimson_stem":58,"minecraft:weeping_vines_plant":6,"minecraft:large_fern":14,"minecraft:tall_seagrass":1,"minecraft:redstone_ore":1,"minecraft:glowstone":31,"minecraft:spruce_sapling":3,"minecraft:furnace":5,"minecraft:fire":8,"minecraft:iron_ore":50,"minecraft:cobbled_deepslate":19,"minecraft:andesite":66,"minecraft:pumpkin":12,"minecraft:deepslate_lapis_ore":8,"minecraft:nether_brick_fence":23,"minecraft:shroomlight":29,"minecraft:deepslate_iron_ore":9,"minecraft:dirt_path":2,"minecraft:purple_carpet":2,"minecraft:stone":312,"minecraft:spruce_slab":1,"minecraft:deepslate_redstone_ore":68,"minecraft:brown_mushroom":11,"minecraft:glass_pane":1,"minecraft:cherry_planks":9,"minecraft:crimson_nylium":8,"minecraft:blackstone":32,"minecraft:soul_sand":72,"minecraft:basalt":4,"minecraft:crafting_table":9,"minecraft:torch":5,"minecraft:short_grass":25,"minecraft:poppy":1,"minecraft:chest":4,"minecraft:lectern":22,"minecraft:nether_quartz_ore":65,"minecraft:spruce_wall_sign":1,"minecraft:tall_grass":5,"minecraft:copper_ore":4,"minecraft:cobblestone":4,"minecraft:deepslate_gold_ore":15,"minecraft:grindstone":1,"minecraft:sugar_cane":61,"minecraft:oak_planks":1,"minecraft:diorite":36,"minecraft:wall_torch":12,"minecraft:blue_bed":6,"minecraft:seagrass":2,"minecraft:spruce_stairs":2,"minecraft:purple_bed":2,"minecraft:nether_wart_block":17,"minecraft:spruce_log":251,"minecraft:warped_fungus":1,"minecraft:coal_ore":4,"minecraft:oak_log":158,"minecraft:dripstone_block":5,"minecraft:sand":25,"minecraft:cherry_leaves":5,"minecraft:gravel":19,"minecraft:dirt":69,"minecraft:polished_blackstone":4,"minecraft:polished_andesite":3,"minecraft:gold_ore":10,"minecraft:netherrack":151,"minecraft:oak_leaves":15,"minecraft:deepslate":367,"minecraft:fern":12},"minecraft:broken":{"minecraft:stone_pickaxe":1,"minecraft:stone_axe":1,"minecraft:iron_pickaxe":1},"minecraft:killed":{"minecraft:spider":5,"minecraft:skeleton":9,"minecraft:horse":8,"minecraft:piglin":2,"minecraft:pig":11,"minecraft:rabbit":1,"minecraft:hoglin":1,"minecraft:squid":3,"minecraft:creeper":1,"minecraft:zombie":7,"minecraft:wither_skeleton":1,"minecraft:blaze":11,"minecraft:cow":12},"minecraft:custom":{"minecraft:mob_kills":74,"minecraft:interact_with_crafting_table":71,"minecraft:interact_with_campfire":52,"minecraft:leave_game":9,"minecraft:time_since_death":7158,"minecraft:climb_one_cm":1020,"minecraft:sprint_one_cm":845836,"minecraft:walk_one_cm":605320,"minecraft:damage_blocked_by_shield":195,"minecraft:drop":20,"minecraft:talked_to_villager":76,"minecraft:play_time":311455,"minecraft:sneak_time":12261,"minecraft:deaths":4,"minecraft:walk_under_water_one_cm":9087,"minecraft:boat_one_cm":15022,"minecraft:jump":5759,"minecraft:interact_with_brewingstand":3,"minecraft:walk_on_water_one_cm":56970,"minecraft:enchant_item":2,"minecraft:total_world_time":311455,"minecraft:interact_with_furnace":45,"minecraft:traded_with_villager":104,"minecraft:interact_with_grindstone":2,"minecraft:sleep_in_bed":13,"minecraft:time_since_rest":7234,"minecraft:damage_taken":5249,"minecraft:damage_dealt":11547,"minecraft:swim_one_cm":52763,"minecraft:fly_one_cm":893222,"minecraft:open_chest":132,"minecraft:crouch_one_cm":43295,"minecraft:fall_one_cm":121753},"minecraft:killed_by":{"minecraft:creeper":1,"minecraft:skeleton":3},"minecraft:used":{"minecraft:enchanting_table":1,"minecraft:iron_shovel":224,"minecraft:flint_and_steel":2,"minecraft:spruce_slab":1,"minecraft:polished_blackstone":4,"minecraft:diamond_hoe":82,"minecraft:poppy":1,"minecraft:chest":14,"minecraft:shield":3,"minecraft:netherrack":123,"minecraft:torch":56,"minecraft:brewing_stand":1,"minecraft:dirt":102,"minecraft:nether_bricks":2,"minecraft:spruce_fence":15,"minecraft:obsidian":12,"minecraft:spruce_boat":9,"minecraft:iron_helmet":1,"minecraft:sweet_berries":34,"minecraft:oak_sapling":32,"minecraft:furnace":6,"minecraft:egg":7,"minecraft:cooked_beef":11,"minecraft:cobbled_deepslate":145,"minecraft:iron_leggings":1,"minecraft:crimson_stem":1,"minecraft:glass_bottle":6,"minecraft:diorite":25,"minecraft:blackstone":4,"minecraft:stone_pickaxe":283,"minecraft:polished_andesite":43,"minecraft:oak_planks":9,"minecraft:brown_mushroom":5,"minecraft:sugar_cane":22,"minecraft:wooden_pickaxe":40,"minecraft:cherry_planks":78,"minecraft:blue_bed":8,"minecraft:composter":1,"minecraft:diamond_axe":653,"minecraft:spruce_sign":4,"minecraft:polished_blackstone_bricks":4,"minecraft:crafting_table":12,"minecraft:red_mushroom":2,"minecraft:diamond_pickaxe":982,"minecraft:bread":78,"minecraft:iron_pickaxe":247,"minecraft:lectern":23,"minecraft:spruce_trapdoor":5,"minecraft:spruce_sapling":42,"minecraft:gravel":3,"minecraft:stone_axe":110,"minecraft:nether_wart_block":20,"minecraft:cobblestone":101,"minecraft:purple_bed":2,"minecraft:cooked_porkchop":5,"minecraft:grindstone":1,"minecraft:andesite":20,"chisel:braid/oak_planks":3,"minecraft:purple_carpet":1},"minecraft:picked_up":{"minecraft:charcoal":1,"minecraft:crafting_table":9,"minecraft:iron_chestplate":4,"minecraft:nether_brick_fence":18,"minecraft:nether_wart":152,"minecraft:brown_mushroom":52,"minecraft:potion":4,"minecraft:enchanted_book":2,"minecraft:shield":1,"minecraft:string":5,"minecraft:raw_copper":12,"minecraft:flint_and_steel":2,"minecraft:iron_leggings":4,"minecraft:iron_shovel":4,"minecraft:shroomlight":32,"minecraft:blackstone":29,"minecraft:gold_nugget":244,"minecraft:cobbled_deepslate":492,"minecraft:spruce_planks":7,"minecraft:beef":30,"minecraft:poppy":1,"minecraft:spruce_slab":1,"minecraft:lectern":22,"minecraft:sugar_cane":112,"minecraft:chest":10,"minecraft:diamond_hoe":2,"minecraft:spruce_trapdoor":13,"minecraft:furnace":5,"minecraft:iron_boots":2,"minecraft:egg":7,"minecraft:stick":67,"minecraft:raw_iron":59,"minecraft:torch":19,"minecraft:spruce_stairs":2,"minecraft:spruce_fence":9,"minecraft:porkchop":36,"minecraft:cherry_log":19,"minecraft:pointed_dripstone":1,"minecraft:diorite":36,"minecraft:redstone":277,"minecraft:golden_chestplate":2,"minecraft:iron_horse_armor":1,"minecraft:rabbit_foot":1,"minecraft:weeping_vines":1,"minecraft:arrow":9,"minecraft:rotten_flesh":10,"minecraft:nether_bricks":110,"minecraft:saddle":3,"minecraft:gold_ingot":10,"minecraft:polished_blackstone":4,"minecraft:blaze_rod":9,"minecraft:obsidian":18,"minecraft:cobblestone":313,"minecraft:golden_boots":1,"minecraft:basalt":4,"minecraft:cooked_beef":21,"minecraft:cherry_planks":9,"minecraft:crimson_stem":68,"minecraft:andesite":66,"minecraft:leather":15,"minecraft:red_mushroom":7,"minecraft:crimson_fungus":9,"minecraft:nether_wart_block":20,"minecraft:flint":1,"minecraft:tuff":51,"minecraft:oak_log":158,"minecraft:paper":3,"minecraft:lapis_lazuli":49,"minecraft:dirt":171,"minecraft:blue_bed":8,"minecraft:purple_carpet":2,"minecraft:bone":11,"minecraft:apple":4,"minecraft:bow":1,"minecraft:wheat_seeds":2,"minecraft:raw_gold":25,"minecraft:rabbit_hide":2,"minecraft:grindstone":2,"minecraft:glowstone_dust":168,"minecraft:rabbit":2,"minecraft:soul_sand":102,"minecraft:oak_planks":1,"minecraft:book":3,"minecraft:warped_fungus":1,"minecraft:cooked_porkchop":39,"minecraft:pumpkin":24,"minecraft:sweet_berries":39,"minecraft:quartz":64,"minecraft:dripstone_block":5,"minecraft:sand":25,"minecraft:gravel":23,"minecraft:spruce_sapling":42,"minecraft:ink_sac":9,"minecraft:spruce_log":247,"minecraft:spider_eye":3,"minecraft:polished_andesite":3,"minecraft:purple_bed":2,"minecraft:diamond":43,"minecraft:spruce_boat":8,"minecraft:iron_helmet":4,"minecraft:diamond_axe":3,"minecraft:granite":23,"minecraft:cherry_sapling":5,"minecraft:spruce_sign":3,"minecraft:bread":96,"minecraft:baked_potato":51,"minecraft:coal":5,"minecraft:oak_sapling":32,"minecraft:netherrack":156,"minecraft:crimson_roots":6,"minecraft:diamond_pickaxe":3},"minecraft:dropped":{"minecraft:iron_ingot":1,"minecraft:wheat_seeds":2,"minecraft:cobblestone":1,"minecraft:saddle":1,"minecraft:dirt":2,"minecraft:torch":1,"minecraft:ink_sac":1,"minecraft:potion":1,"minecraft:polished_basalt":4,"minecraft:sweet_berries":5,"minecraft:cobbled_deepslate":1,"minecraft:rotten_flesh":4,"minecraft:spruce_fence":2,"minecraft:rabbit_foot":1,"minecraft:andesite":1,"minecraft:arrow":2,"minecraft:stone_pickaxe":1},"minecraft:crafted":{"minecraft:cherry_planks":76,"minecraft:oak_planks":632,"minecraft:diamond_hoe":1,"minecraft:furnace":1,"minecraft:spruce_fence":9,"minecraft:bookshelf":1,"minecraft:flint_and_steel":1,"minecraft:glass":6,"minecraft:iron_boots":1,"minecraft:spruce_slab":18,"minecraft:polished_blackstone":4,"minecraft:stone_pickaxe":3,"minecraft:polished_basalt":4,"minecraft:chest":6,"minecraft:spruce_boat":2,"minecraft:golden_boots":1,"minecraft:glass_bottle":6,"minecraft:crimson_planks":12,"minecraft:emerald":88,"minecraft:spruce_sign":3,"minecraft:diamond_axe":1,"minecraft:crafting_table":4,"minecraft:spruce_planks":888,"minecraft:enchanting_table":1,"minecraft:iron_helmet":2,"minecraft:wooden_pickaxe":1,"minecraft:brewing_stand":1,"minecraft:stone_axe":1,"minecraft:enchanted_book":2,"minecraft:bread":84,"minecraft:air":0,"minecraft:lectern":1,"minecraft:iron_chestplate":2,"minecraft:book":14,"minecraft:paper":90,"minecraft:diamond_pickaxe":1,"minecraft:charcoal":10,"minecraft:shield":1,"minecraft:stick":2770,"minecraft:iron_ingot":29,"minecraft:iron_pickaxe":1,"minecraft:iron_shovel":1,"minecraft:iron_leggings":2,"minecraft:gold_ingot":30,"minecraft:composter":1,"minecraft:torch":40,"minecraft:polished_blackstone_bricks":4,"minecraft:polished_andesite":40}},"DataVersion":3839}