{"stats":{"minecraft:dropped":{"minecraft:sweet_berries":4,"minecraft:wheat_seeds":1,"minecraft:andesite":1},"minecraft:crafted":{"minecraft:oak_planks":164,"minecraft:emerald":14,"minecraft:spruce_sign":3,"minecraft:crafting_table":1,"minecraft:spruce_planks":148,"minecraft:wooden_pickaxe":1,"minecraft:iron_helmet":1,"minecraft:furnace":1,"minecraft:spruce_fence":6,"minecraft:stone_axe":1,"minecraft:bread":84,"minecraft:air":0,"minecraft:iron_boots":1,"minecraft:iron_chestplate":1,"minecraft:diamond_pickaxe":1,"minecraft:charcoal":9,"minecraft:spruce_slab":12,"minecraft:stick":476,"minecraft:iron_ingot":28,"minecraft:iron_pickaxe":1,"minecraft:stone_pickaxe":2,"minecraft:chest":1,"minecraft:iron_shovel":1,"minecraft:iron_leggings":1,"minecraft:spruce_boat":1,"minecraft:composter":1,"minecraft:torch":32},"minecraft:custom":{"minecraft:interact_with_furnace":26,"minecraft:mob_kills":3,"minecraft:traded_with_villager":28,"minecraft:interact_with_crafting_table":25,"minecraft:leave_game":1,"minecraft:time_since_death":63343,"minecraft:sleep_in_bed":3,"minecraft:time_since_rest":11436,"minecraft:sprint_one_cm":128698,"minecraft:damage_taken":505,"minecraft:walk_one_cm":140138,"minecraft:drop":3,"minecraft:damage_dealt":571,"minecraft:talked_to_villager":9,"minecraft:swim_one_cm":5465,"minecraft:fly_one_cm":86863,"minecraft:open_chest":5,"minecraft:crouch_one_cm":2669,"minecraft:play_time":78527,"minecraft:deaths":1,"minecraft:sneak_time":1454,"minecraft:walk_under_water_one_cm":1405,"minecraft:boat_one_cm":15022,"minecraft:jump":859,"minecraft:walk_on_water_one_cm":11134,"minecraft:total_world_time":78527,"minecraft:fall_one_cm":10175},"minecraft:picked_up":{"minecraft:charcoal":1,"minecraft:crafting_table":7,"minecraft:andesite":49,"minecraft:flint":1,"minecraft:oak_log":41,"minecraft:blue_bed":4,"minecraft:lapis_lazuli":49,"minecraft:dirt":66,"minecraft:raw_copper":12,"minecraft:bone":1,"minecraft:apple":1,"minecraft:wheat_seeds":1,"minecraft:cobbled_deepslate":50,"minecraft:raw_gold":3,"minecraft:spruce_slab":1,"minecraft:chest":1,"minecraft:egg":7,"minecraft:furnace":4,"minecraft:stick":2,"minecraft:raw_iron":28,"minecraft:sweet_berries":34,"minecraft:torch":4,"minecraft:spruce_fence":5,"minecraft:gravel":23,"minecraft:spruce_sapling":5,"minecraft:spruce_log":47,"minecraft:redstone":4,"minecraft:diamond":9,"minecraft:spruce_boat":4,"minecraft:spruce_sign":1,"minecraft:oak_sapling":3,"minecraft:cobblestone":169},"minecraft:mined":{"minecraft:deepslate_diamond_ore":9,"minecraft:crafting_table":7,"minecraft:torch":2,"minecraft:short_grass":3,"minecraft:spruce_fence":5,"minecraft:grass_block":24,"minecraft:chest":1,"minecraft:spruce_wall_sign":1,"minecraft:copper_ore":4,"minecraft:cobblestone":1,"minecraft:spruce_leaves":10,"minecraft:deepslate_gold_ore":3,"minecraft:blue_bed":4,"minecraft:wall_torch":2,"minecraft:large_fern":6,"minecraft:redstone_ore":1,"minecraft:furnace":4,"minecraft:iron_ore":21,"minecraft:spruce_log":49,"minecraft:andesite":49,"minecraft:deepslate_lapis_ore":8,"minecraft:oak_log":41,"minecraft:deepslate_iron_ore":7,"minecraft:gravel":19,"minecraft:dirt":42,"minecraft:stone":168,"minecraft:oak_leaves":2,"minecraft:spruce_slab":1,"minecraft:deepslate":50,"minecraft:fern":5},"minecraft:killed_by":{"minecraft:skeleton":1},"minecraft:used":{"minecraft:iron_shovel":46,"minecraft:spruce_slab":1,"minecraft:stone_pickaxe":189,"minecraft:chest":1,"minecraft:wooden_pickaxe":13,"minecraft:composter":1,"minecraft:spruce_sign":4,"minecraft:blue_bed":4,"minecraft:torch":17,"minecraft:dirt":38,"minecraft:crafting_table":8,"minecraft:spruce_fence":11,"minecraft:spruce_boat":4,"minecraft:diamond_pickaxe":11,"minecraft:bread":2,"minecraft:iron_pickaxe":132,"minecraft:spruce_sapling":5,"minecraft:stone_axe":75,"minecraft:cobblestone":91,"minecraft:sweet_berries":30,"minecraft:oak_sapling":3,"minecraft:furnace":5,"minecraft:andesite":20,"chisel:braid/oak_planks":3,"minecraft:egg":7,"minecraft:cobbled_deepslate":7},"minecraft:broken":{"minecraft:stone_pickaxe":1},"minecraft:killed":{"minecraft:spider":1,"minecraft:creeper":1,"minecraft:skeleton":1}},"DataVersion":3839}