{"stats":{"minecraft:killed":{"minecraft:spider":12,"minecraft:skeleton":12,"minecraft:chicken":1,"minecraft:piglin":2,"minecraft:pig":19,"minecraft:creeper":1,"minecraft:sheep":5,"minecraft:zombie":9,"minecraft:cow":26,"minecraft:blaze":11,"minecraft:horse":11,"minecraft:rabbit":1,"minecraft:hoglin":1,"minecraft:squid":3,"minecraft:wither_skeleton":1},"minecraft:used":{"minecraft:iron_shovel":224,"minecraft:spruce_slab":1,"minecraft:polished_blackstone":4,"minecraft:diamond_hoe":82,"minecraft:poppy":1,"minecraft:chest":14,"minecraft:shield":12,"minecraft:nether_bricks":2,"minecraft:obsidian":12,"minecraft:spruce_boat":11,"minecraft:iron_helmet":1,"minecraft:sweet_berries":34,"minecraft:furnace":6,"minecraft:oak_sapling":32,"minecraft:egg":7,"minecraft:diorite":25,"minecraft:stone_pickaxe":283,"minecraft:oak_planks":9,"minecraft:orange_tulip":1,"minecraft:blackstone":4,"minecraft:wooden_pickaxe":40,"minecraft:composter":1,"minecraft:blue_bed":8,"minecraft:diamond_axe":812,"minecraft:sugar_cane":22,"minecraft:bread":84,"minecraft:lectern":23,"minecraft:gravel":3,"minecraft:nether_wart_block":20,"minecraft:grindstone":1,"minecraft:andesite":20,"minecraft:enchanting_table":1,"minecraft:flint_and_steel":2,"minecraft:spruce_planks":1,"minecraft:netherrack":123,"minecraft:orange_bed":1,"minecraft:torch":57,"minecraft:brewing_stand":2,"minecraft:dirt":102,"minecraft:spruce_fence":15,"minecraft:bamboo":9,"minecraft:acacia_wood":1,"minecraft:cooked_beef":22,"minecraft:cobbled_deepslate":145,"minecraft:iron_leggings":1,"minecraft:crimson_stem":1,"minecraft:glass_bottle":6,"minecraft:polished_andesite":43,"minecraft:cherry_planks":78,"minecraft:brown_mushroom":5,"minecraft:cauldron":1,"minecraft:spruce_sign":4,"minecraft:polished_blackstone_bricks":4,"minecraft:crafting_table":13,"minecraft:red_mushroom":2,"minecraft:acacia_stairs":1,"minecraft:diamond_pickaxe":1151,"minecraft:iron_pickaxe":247,"minecraft:spruce_trapdoor":5,"minecraft:spruce_sapling":42,"minecraft:stone_axe":110,"minecraft:cobblestone":105,"minecraft:purple_bed":2,"minecraft:porkchop":2,"minecraft:cooked_porkchop":16,"chisel:braid/oak_planks":3,"minecraft:purple_carpet":1},"minecraft:picked_up":{"minecraft:iron_chestplate":5,"minecraft:nether_brick_fence":18,"minecraft:enchanted_book":4,"minecraft:potion":7,"minecraft:brewing_stand":2,"minecraft:string":74,"minecraft:raw_copper":236,"minecraft:iron_leggings":5,"minecraft:shroomlight":32,"minecraft:gold_nugget":244,"minecraft:cobbled_deepslate":500,"minecraft:spruce_planks":8,"minecraft:melon_slice":77,"minecraft:iron_boots":2,"minecraft:furnace":5,"minecraft:stick":67,"minecraft:torch":20,"minecraft:spruce_stairs":2,"minecraft:porkchop":76,"minecraft:cherry_log":19,"minecraft:pointed_dripstone":6,"minecraft:diorite":36,"minecraft:golden_chestplate":2,"minecraft:rabbit_foot":1,"minecraft:cauldron":2,"minecraft:orange_bed":1,"minecraft:rotten_flesh":10,"minecraft:blaze_rod":13,"minecraft:obsidian":18,"minecraft:cobblestone":357,"minecraft:feather":1,"minecraft:cooked_beef":36,"minecraft:cherry_planks":9,"minecraft:andesite":66,"minecraft:flint":1,"minecraft:tuff":51,"minecraft:dirt":175,"minecraft:lapis_lazuli":49,"minecraft:purple_carpet":2,"minecraft:bone":17,"minecraft:bow":1,"minecraft:orange_tulip":1,"minecraft:wheat_seeds":7,"minecraft:raw_gold":35,"minecraft:grindstone":2,"minecraft:bamboo":73,"minecraft:rabbit":2,"minecraft:glowstone_dust":168,"minecraft:oak_planks":1,"minecraft:cooked_porkchop":39,"minecraft:sand":25,"minecraft:ink_sac":9,"minecraft:acacia_stairs":6,"minecraft:polished_andesite":3,"minecraft:diamond":61,"minecraft:spruce_boat":8,"minecraft:granite":23,"minecraft:golden_apple":1,"minecraft:spruce_sign":3,"minecraft:bread":96,"minecraft:oak_sapling":32,"minecraft:netherrack":177,"minecraft:crimson_roots":6,"minecraft:diamond_pickaxe":4,"minecraft:charcoal":1,"minecraft:crafting_table":9,"minecraft:splash_potion":1,"minecraft:chicken":1,"minecraft:nether_wart":152,"minecraft:brown_mushroom":52,"minecraft:gold_block":4,"minecraft:shield":2,"minecraft:flint_and_steel":2,"minecraft:white_carpet":2,"minecraft:iron_shovel":5,"minecraft:blackstone":54,"minecraft:beef":73,"minecraft:poppy":1,"minecraft:spruce_slab":1,"minecraft:lectern":22,"minecraft:sugar_cane":422,"minecraft:chest":10,"minecraft:spruce_trapdoor":13,"minecraft:diamond_hoe":3,"minecraft:egg":7,"minecraft:raw_iron":94,"minecraft:spruce_fence":9,"minecraft:redstone":277,"minecraft:iron_horse_armor":1,"minecraft:weeping_vines":1,"minecraft:arrow":17,"minecraft:nether_bricks":110,"minecraft:yellow_terracotta":1,"minecraft:saddle":3,"minecraft:gold_ingot":10,"minecraft:polished_blackstone":4,"minecraft:mutton":16,"minecraft:white_wool":10,"minecraft:basalt":4,"minecraft:crimson_stem":68,"minecraft:leather":40,"minecraft:red_mushroom":7,"minecraft:acacia_wood":1,"minecraft:crimson_fungus":9,"minecraft:oak_log":158,"minecraft:golden_boots":2,"minecraft:nether_wart_block":20,"minecraft:blue_bed":8,"minecraft:paper":3,"minecraft:apple":4,"minecraft:rabbit_hide":2,"minecraft:soul_sand":102,"minecraft:book":3,"minecraft:warped_fungus":1,"minecraft:pumpkin":46,"minecraft:sweet_berries":79,"minecraft:stone_brick_slab":2,"minecraft:quartz":64,"minecraft:dripstone_block":10,"minecraft:gravel":23,"minecraft:spruce_sapling":42,"minecraft:blast_furnace":1,"minecraft:spruce_log":247,"minecraft:spider_eye":6,"minecraft:purple_bed":2,"minecraft:iron_helmet":5,"minecraft:diamond_axe":5,"minecraft:cherry_sapling":5,"minecraft:baked_potato":51,"minecraft:coal":9},"minecraft:killed_by":{"minecraft:creeper":1,"minecraft:skeleton":4},"minecraft:broken":{"minecraft:stone_pickaxe":1,"minecraft:stone_axe":1,"minecraft:iron_pickaxe":1},"minecraft:crafted":{"minecraft:oak_planks":632,"minecraft:bookshelf":1,"minecraft:glass":25,"minecraft:iron_boots":1,"minecraft:polished_blackstone":4,"minecraft:polished_basalt":4,"minecraft:chest":6,"minecraft:golden_boots":1,"minecraft:glass_bottle":6,"minecraft:emerald":88,"minecraft:cooked_porkchop":18,"minecraft:diamond_axe":1,"minecraft:crafting_table":5,"minecraft:spruce_planks":904,"minecraft:wooden_pickaxe":1,"minecraft:iron_helmet":2,"minecraft:brewing_stand":1,"minecraft:lectern":1,"minecraft:book":14,"minecraft:iron_chestplate":2,"minecraft:paper":90,"minecraft:charcoal":10,"minecraft:diamond_pickaxe":1,"minecraft:shield":1,"minecraft:stick":2770,"minecraft:iron_ingot":29,"minecraft:iron_pickaxe":1,"minecraft:gold_ingot":30,"minecraft:composter":1,"minecraft:polished_blackstone_bricks":4,"minecraft:polished_andesite":40,"minecraft:cherry_planks":76,"minecraft:diamond_hoe":1,"minecraft:furnace":1,"minecraft:spruce_fence":9,"minecraft:flint_and_steel":1,"minecraft:spruce_slab":18,"minecraft:stone_pickaxe":3,"minecraft:spruce_boat":4,"minecraft:crimson_planks":12,"minecraft:spruce_sign":3,"minecraft:enchanting_table":1,"minecraft:stone_axe":1,"minecraft:enchanted_book":2,"minecraft:bread":84,"minecraft:air":0,"minecraft:iron_shovel":1,"minecraft:iron_leggings":2,"minecraft:torch":40},"minecraft:mined":{"minecraft:spruce_planks":1,"minecraft:cherry_log":19,"minecraft:brewing_stand":1,"minecraft:obsidian":17,"minecraft:spruce_trapdoor":13,"minecraft:granite":23,"minecraft:grass_block":88,"minecraft:crimson_fungus":7,"minecraft:nether_wart":38,"minecraft:weeping_vines_plant":6,"minecraft:tall_seagrass":1,"minecraft:glowstone":31,"minecraft:iron_ore":53,"minecraft:cobbled_deepslate":19,"minecraft:fire":8,"minecraft:pumpkin":23,"minecraft:deepslate_lapis_ore":8,"minecraft:pointed_dripstone":1,"minecraft:water_cauldron":1,"minecraft:dirt_path":2,"minecraft:purple_carpet":2,"minecraft:spruce_slab":1,"minecraft:orange_bed":1,"minecraft:deepslate_redstone_ore":68,"minecraft:brown_mushroom":11,"minecraft:red_bed":1,"minecraft:blackstone":57,"minecraft:crimson_nylium":8,"minecraft:torch":6,"minecraft:blast_furnace":1,"minecraft:poppy":1,"minecraft:melon":16,"minecraft:chest":4,"minecraft:spruce_wall_sign":1,"minecraft:nether_quartz_ore":65,"minecraft:cobblestone":4,"minecraft:grindstone":1,"minecraft:sugar_cane":164,"minecraft:oak_planks":1,"minecraft:wall_torch":12,"minecraft:deepslate_copper_ore":25,"minecraft:seagrass":2,"minecraft:nether_wart_block":17,"minecraft:orange_tulip":1,"minecraft:warped_fungus":1,"minecraft:oak_log":158,"minecraft:sand":25,"minecraft:dirt":71,"minecraft:netherrack":172,"minecraft:oak_leaves":17,"minecraft:deepslate":371,"minecraft:yellow_terracotta":1,"minecraft:nether_gold_ore":62,"minecraft:tuff":51,"minecraft:deepslate_diamond_ore":25,"minecraft:nether_bricks":57,"minecraft:spruce_fence":8,"minecraft:crimson_roots":8,"minecraft:spruce_leaves":43,"minecraft:red_mushroom":2,"minecraft:crimson_stem":58,"minecraft:large_fern":14,"minecraft:redstone_ore":1,"minecraft:spruce_sapling":3,"minecraft:furnace":5,"minecraft:acacia_wood":1,"minecraft:acacia_stairs":2,"minecraft:andesite":66,"minecraft:gold_block":3,"minecraft:nether_brick_fence":23,"minecraft:deepslate_iron_ore":9,"minecraft:shroomlight":29,"minecraft:vine":1,"minecraft:bamboo":9,"minecraft:stone":318,"minecraft:glass_pane":1,"minecraft:cherry_planks":9,"minecraft:soul_sand":72,"minecraft:basalt":72,"minecraft:stone_brick_slab":2,"minecraft:crafting_table":9,"minecraft:short_grass":74,"minecraft:lectern":22,"minecraft:tall_grass":12,"minecraft:copper_ore":10,"minecraft:deepslate_gold_ore":15,"minecraft:diorite":36,"minecraft:blue_bed":6,"minecraft:spruce_stairs":2,"minecraft:purple_bed":2,"minecraft:white_carpet":1,"minecraft:spruce_log":251,"minecraft:coal_ore":4,"minecraft:cherry_leaves":5,"minecraft:dripstone_block":5,"minecraft:gravel":19,"minecraft:polished_blackstone":4,"minecraft:polished_andesite":3,"minecraft:gold_ore":10,"minecraft:fern":18},"minecraft:custom":{"minecraft:interact_with_crafting_table":72,"minecraft:leave_game":13,"minecraft:time_since_death":42561,"minecraft:sprint_one_cm":1167177,"minecraft:damage_blocked_by_shield":735,"minecraft:drop":40,"minecraft:talked_to_villager":91,"minecraft:play_time":381734,"minecraft:deaths":5,"minecraft:jump":8587,"minecraft:interact_with_brewingstand":4,"minecraft:walk_on_water_one_cm":83679,"minecraft:enchant_item":2,"minecraft:interact_with_furnace":53,"minecraft:traded_with_villager":104,"minecraft:sleep_in_bed":16,"minecraft:damage_dealt":17502,"minecraft:crouch_one_cm":43986,"minecraft:mob_kills":117,"minecraft:interact_with_campfire":67,"minecraft:climb_one_cm":2419,"minecraft:walk_one_cm":699657,"minecraft:sneak_time":12907,"minecraft:walk_under_water_one_cm":20987,"minecraft:boat_one_cm":15022,"minecraft:total_world_time":381734,"minecraft:interact_with_grindstone":2,"minecraft:time_since_rest":5204,"minecraft:damage_taken":7108,"minecraft:swim_one_cm":134885,"minecraft:fly_one_cm":1633063,"minecraft:open_chest":168,"minecraft:fall_one_cm":205988},"minecraft:dropped":{"minecraft:diamond_axe":1,"minecraft:saddle":1,"minecraft:dirt":2,"minecraft:cobbled_deepslate":1,"minecraft:pointed_dripstone":6,"minecraft:rotten_flesh":4,"minecraft:acacia_stairs":5,"minecraft:rabbit_foot":1,"minecraft:arrow":2,"minecraft:netherrack":2,"minecraft:iron_ingot":1,"minecraft:wheat_seeds":3,"minecraft:dripstone_block":10,"minecraft:yellow_terracotta":1,"minecraft:feather":1,"minecraft:cobblestone":1,"minecraft:diorite":1,"minecraft:ink_sac":1,"minecraft:torch":1,"minecraft:potion":1,"minecraft:polished_basalt":4,"minecraft:stone_brick_slab":2,"minecraft:sweet_berries":5,"minecraft:chicken":1,"minecraft:white_carpet":2,"minecraft:spruce_fence":2,"minecraft:andesite":1,"minecraft:stone_pickaxe":1,"minecraft:bow":1}},"DataVersion":3839}