{"stats":{"minecraft:picked_up":{"minecraft:pink_petals":6,"minecraft:crafting_table":3,"minecraft:feather":2,"minecraft:chicken":1,"minecraft:leather":2,"minecraft:oak_log":18,"minecraft:dirt":9,"minecraft:wheat_seeds":4,"minecraft:beef":1,"minecraft:rose_bush":3,"minecraft:poppy":1,"minecraft:egg":2,"minecraft:furnace":2,"minecraft:stick":3,"minecraft:sweet_berries":4,"minecraft:torch":3,"minecraft:cherry_log":4,"minecraft:ink_sac":1,"minecraft:purple_bed":2,"minecraft:peony":5,"minecraft:cherry_sapling":4,"minecraft:oak_sapling":1,"minecraft:mutton":8,"minecraft:coal":5,"minecraft:white_wool":6,"minecraft:cobblestone":53},"minecraft:used":{"minecraft:cooked_mutton":1,"minecraft:stone_pickaxe":28,"minecraft:wooden_pickaxe":34,"minecraft:torch":5,"minecraft:dirt":4,"minecraft:crafting_table":3,"minecraft:stone_axe":14,"minecraft:furnace":2,"minecraft:egg":1},"minecraft:killed_by":{"minecraft:creeper":1},"minecraft:dropped":{"minecraft:wheat_seeds":4,"minecraft:poppy":1},"minecraft:crafted":{"minecraft:cherry_planks":16,"minecraft:oak_planks":36,"minecraft:crafting_table":2,"minecraft:wooden_pickaxe":2,"minecraft:furnace":2,"minecraft:stone_axe":1,"minecraft:cooked_mutton":8,"minecraft:air":0,"minecraft:charcoal":9,"minecraft:stick":8,"minecraft:stone_pickaxe":1,"minecraft:torch":8},"minecraft:killed":{"minecraft:sheep":6,"minecraft:chicken":1,"minecraft:cow":1},"minecraft:mined":{"minecraft:cherry_log":4,"minecraft:crafting_table":3,"minecraft:torch":2,"minecraft:short_grass":35,"minecraft:grass_block":4,"minecraft:poppy":1,"minecraft:rose_bush":4,"minecraft:tall_grass":11,"minecraft:spruce_leaves":1,"minecraft:wall_torch":2,"minecraft:large_fern":5,"minecraft:pink_petals":1,"minecraft:purple_bed":2,"minecraft:furnace":2,"minecraft:peony":5,"minecraft:oak_log":18,"minecraft:coal_ore":5,"minecraft:dirt":5,"minecraft:stone":53,"minecraft:oak_leaves":10,"minecraft:fern":3},"minecraft:custom":{"minecraft:interact_with_furnace":9,"minecraft:mob_kills":8,"minecraft:interact_with_crafting_table":6,"minecraft:leave_game":2,"minecraft:time_since_death":18733,"minecraft:time_since_rest":18762,"minecraft:sprint_one_cm":51433,"minecraft:damage_taken":608,"minecraft:walk_one_cm":53052,"minecraft:drop":5,"minecraft:damage_dealt":628,"minecraft:swim_one_cm":6864,"minecraft:talked_to_villager":1,"minecraft:fly_one_cm":67627,"minecraft:open_chest":2,"minecraft:crouch_one_cm":1990,"minecraft:play_time":33014,"minecraft:deaths":1,"minecraft:sneak_time":721,"minecraft:walk_under_water_one_cm":2352,"minecraft:jump":528,"minecraft:walk_on_water_one_cm":2207,"minecraft:total_world_time":33014,"minecraft:fall_one_cm":10225}},"DataVersion":3839}