{"stats":{"minecraft:killed":{"minecraft:chicken":10,"minecraft:drowned":1,"minecraft:pig":13,"minecraft:salmon":3,"minecraft:creeper":2,"minecraft:sheep":11,"minecraft:zombie":7,"minecraft:cow":6},"minecraft:used":{"minecraft:chest":1,"minecraft:torch":8,"minecraft:dirt":84,"minecraft:spruce_fence":1,"minecraft:spruce_boat":1,"minecraft:furnace":7,"minecraft:cooked_cod":3,"minecraft:egg":2,"minecraft:cobbled_deepslate":3,"minecraft:cooked_mutton":11,"minecraft:stone_pickaxe":198,"minecraft:wooden_pickaxe":63,"minecraft:white_wool":4,"minecraft:crafting_table":5,"minecraft:iron_pickaxe":47,"minecraft:stone_axe":90,"minecraft:fishing_rod":67,"minecraft:purple_bed":6,"minecraft:cooked_porkchop":2,"minecraft:porkchop":1},"minecraft:dropped":{"minecraft:brown_mushroom":1,"minecraft:wheat_seeds":6,"minecraft:cooked_beef":4,"minecraft:granite":23,"minecraft:spruce_stairs":4,"minecraft:torch":2,"minecraft:mutton":2,"minecraft:potion":2,"minecraft:lily_pad":1,"minecraft:sweet_berries":4,"minecraft:rotten_flesh":15,"minecraft:poppy":1,"minecraft:rabbit_hide":1,"minecraft:stone":3,"minecraft:andesite":6,"minecraft:purple_bed":1,"minecraft:chest":1,"minecraft:stone_pickaxe":1,"minecraft:wooden_pickaxe":2,"minecraft:nautilus_shell":1,"minecraft:egg":2},"minecraft:mined":{"minecraft:cherry_log":4,"minecraft:granite":3,"minecraft:grass_block":16,"minecraft:spruce_fence":1,"minecraft:spruce_leaves":12,"minecraft:large_fern":9,"minecraft:redstone_ore":2,"minecraft:furnace":4,"minecraft:iron_ore":31,"minecraft:andesite":2,"minecraft:peony":5,"minecraft:deepslate_iron_ore":1,"minecraft:stone":85,"minecraft:white_wool":4,"minecraft:crafting_table":5,"minecraft:torch":3,"minecraft:short_grass":41,"minecraft:poppy":1,"minecraft:rose_bush":4,"minecraft:tall_grass":11,"minecraft:cobblestone":11,"minecraft:lapis_ore":4,"minecraft:sugar_cane":5,"minecraft:wall_torch":4,"minecraft:pink_petals":1,"minecraft:purple_bed":9,"minecraft:spruce_log":13,"minecraft:birch_leaves":1,"minecraft:coal_ore":86,"minecraft:oak_log":18,"minecraft:dirt":28,"minecraft:oak_leaves":10,"minecraft:fern":8},"minecraft:crafted":{"minecraft:cherry_planks":16,"minecraft:oak_planks":36,"minecraft:fishing_rod":1,"minecraft:furnace":5,"minecraft:stone":3,"minecraft:cooked_mutton":14,"minecraft:stone_pickaxe":2,"minecraft:cooked_beef":11,"minecraft:cooked_cod":3,"minecraft:cooked_porkchop":20,"minecraft:crafting_table":3,"minecraft:spruce_planks":8,"minecraft:wooden_pickaxe":3,"minecraft:stone_axe":2,"minecraft:air":0,"minecraft:charcoal":9,"minecraft:stick":20,"minecraft:iron_ingot":5,"minecraft:iron_pickaxe":1,"minecraft:torch":8},"minecraft:custom":{"minecraft:mob_kills":53,"minecraft:interact_with_crafting_table":16,"minecraft:leave_game":3,"minecraft:time_since_death":16253,"minecraft:sprint_one_cm":307214,"minecraft:walk_one_cm":252809,"minecraft:drop":34,"minecraft:talked_to_villager":3,"minecraft:play_time":152179,"minecraft:deaths":5,"minecraft:sneak_time":10640,"minecraft:walk_under_water_one_cm":14438,"minecraft:boat_one_cm":594,"minecraft:jump":2111,"minecraft:walk_on_water_one_cm":24705,"minecraft:total_world_time":152179,"minecraft:interact_with_furnace":37,"minecraft:sleep_in_bed":6,"minecraft:time_since_rest":16297,"minecraft:damage_taken":2390,"minecraft:damage_dealt":5365,"minecraft:fly_one_cm":345615,"minecraft:swim_one_cm":68080,"minecraft:open_chest":11,"minecraft:crouch_one_cm":34739,"minecraft:fish_caught":55,"minecraft:fall_one_cm":51431},"minecraft:broken":{"minecraft:stone_pickaxe":1,"minecraft:stone_axe":1,"minecraft:fishing_rod":1},"minecraft:picked_up":{"minecraft:fishing_rod":2,"minecraft:crafting_table":7,"minecraft:chicken":24,"minecraft:leather_leggings":3,"minecraft:brown_mushroom":1,"minecraft:wooden_pickaxe":4,"minecraft:potion":3,"minecraft:string":3,"minecraft:pufferfish":16,"minecraft:cobbled_deepslate":268,"minecraft:beef":21,"minecraft:rose_bush":9,"minecraft:poppy":1,"minecraft:sugar_cane":11,"minecraft:chest":2,"minecraft:egg":7,"minecraft:furnace":8,"minecraft:stick":9,"minecraft:raw_iron":31,"minecraft:torch":11,"minecraft:spruce_stairs":8,"minecraft:spruce_fence":4,"minecraft:porkchop":57,"minecraft:cherry_log":4,"minecraft:redstone":264,"minecraft:rotten_flesh":31,"minecraft:cooked_cod":1,"minecraft:tropical_fish":8,"minecraft:peony":5,"minecraft:gold_ingot":6,"minecraft:saddle":2,"minecraft:mutton":20,"minecraft:cod":63,"minecraft:white_wool":31,"minecraft:cobblestone":242,"minecraft:nautilus_shell":1,"minecraft:pink_petals":52,"minecraft:feather":16,"minecraft:cooked_beef":5,"minecraft:cherry_planks":10,"minecraft:salmon":52,"minecraft:tripwire_hook":2,"minecraft:andesite":11,"minecraft:leather":6,"minecraft:oak_log":18,"minecraft:lily_pad":2,"minecraft:gunpowder":4,"minecraft:lapis_lazuli":22,"minecraft:dirt":196,"minecraft:cooked_mutton":8,"minecraft:bone":8,"minecraft:bow":2,"minecraft:wheat_seeds":6,"minecraft:rabbit_hide":2,"minecraft:cooked_porkchop":26,"minecraft:sweet_berries":20,"minecraft:ink_sac":13,"minecraft:spruce_log":26,"minecraft:spider_eye":4,"minecraft:purple_bed":15,"minecraft:spruce_boat":3,"minecraft:stone_axe":1,"minecraft:granite":46,"minecraft:cherry_sapling":12,"minecraft:emerald":4,"minecraft:oak_sapling":1,"minecraft:coal":166},"minecraft:killed_by":{"minecraft:creeper":2,"minecraft:drowned":1,"minecraft:skeleton":1,"minecraft:zombie":1}},"DataVersion":3839}