{"stats":{"minecraft:dropped":{"minecraft:poppy":1,"minecraft:wheat_seeds":4},"minecraft:crafted":{"minecraft:oak_planks":36,"minecraft:charcoal":9,"minecraft:crafting_table":2,"minecraft:stick":4,"minecraft:wooden_pickaxe":1,"minecraft:furnace":1,"minecraft:torch":8,"minecraft:stone_axe":1,"minecraft:cherry_planks":16,"minecraft:air":0},"minecraft:custom":{"minecraft:time_since_rest":8342,"minecraft:interact_with_furnace":6,"minecraft:sprint_one_cm":51433,"minecraft:damage_taken":608,"minecraft:walk_one_cm":36219,"minecraft:mob_kills":8,"minecraft:drop":5,"minecraft:damage_dealt":628,"minecraft:talked_to_villager":1,"minecraft:swim_one_cm":6864,"minecraft:interact_with_crafting_table":3,"minecraft:fly_one_cm":67627,"minecraft:open_chest":2,"minecraft:crouch_one_cm":1106,"minecraft:play_time":22594,"minecraft:deaths":1,"minecraft:sneak_time":351,"minecraft:walk_under_water_one_cm":2352,"minecraft:jump":470,"minecraft:leave_game":1,"minecraft:walk_on_water_one_cm":2207,"minecraft:time_since_death":8313,"minecraft:total_world_time":22594,"minecraft:fall_one_cm":10016},"minecraft:picked_up":{"minecraft:pink_petals":4,"minecraft:stick":2,"minecraft:crafting_table":2,"minecraft:feather":2,"minecraft:chicken":1,"minecraft:sweet_berries":4,"minecraft:leather":2,"minecraft:torch":1,"minecraft:oak_log":18,"minecraft:cherry_log":4,"minecraft:dirt":1,"minecraft:purple_bed":2,"minecraft:peony":5,"minecraft:wheat_seeds":4,"minecraft:beef":1,"minecraft:rose_bush":3,"minecraft:poppy":1,"minecraft:oak_sapling":1,"minecraft:mutton":8,"minecraft:white_wool":6,"minecraft:furnace":1,"minecraft:cobblestone":11,"minecraft:egg":2},"minecraft:mined":{"minecraft:pink_petals":1,"minecraft:large_fern":5,"minecraft:purple_bed":2,"minecraft:furnace":1,"minecraft:cherry_log":4,"minecraft:peony":5,"minecraft:crafting_table":2,"minecraft:torch":2,"minecraft:short_grass":35,"minecraft:poppy":1,"minecraft:grass_block":1,"minecraft:oak_log":18,"minecraft:rose_bush":4,"minecraft:tall_grass":11,"minecraft:spruce_leaves":1,"minecraft:stone":11,"minecraft:oak_leaves":10,"minecraft:fern":3},"minecraft:killed_by":{"minecraft:creeper":1},"minecraft:used":{"minecraft:wooden_pickaxe":14,"minecraft:stone_axe":14,"minecraft:torch":3,"minecraft:crafting_table":2,"minecraft:furnace":1,"minecraft:egg":1},"minecraft:killed":{"minecraft:sheep":6,"minecraft:chicken":1,"minecraft:cow":1}},"DataVersion":3839}