{"stats":{"minecraft:picked_up":{"minecraft:wooden_axe":2,"minecraft:crafting_table":4,"minecraft:cooked_beef":1,"minecraft:feather":2,"minecraft:chicken":1,"minecraft:andesite":52,"minecraft:leather":10,"minecraft:flint":2,"minecraft:tuff":34,"minecraft:oak_log":56,"minecraft:yellow_bed":2,"minecraft:string":2,"minecraft:lapis_lazuli":36,"minecraft:dirt":26,"minecraft:bone":3,"minecraft:cobbled_deepslate":328,"minecraft:beef":25,"minecraft:oak_planks":24,"minecraft:egg":1,"minecraft:furnace":5,"minecraft:stick":2,"minecraft:raw_iron":59,"minecraft:sand":1,"minecraft:gravel":2,"minecraft:porkchop":21,"minecraft:diorite":48,"minecraft:spruce_log":36,"minecraft:arrow":2,"minecraft:diamond":26,"minecraft:spruce_boat":1,"minecraft:granite":5,"minecraft:oak_sapling":2,"minecraft:mutton":15,"minecraft:coal":18,"minecraft:white_wool":9,"minecraft:cobblestone":305},"minecraft:crafted":{"minecraft:cooked_beef":11,"minecraft:oak_planks":108,"minecraft:cooked_porkchop":6,"minecraft:crafting_table":3,"minecraft:spruce_planks":40,"minecraft:wooden_pickaxe":1,"minecraft:iron_helmet":1,"minecraft:furnace":3,"minecraft:cooked_mutton":8,"minecraft:air":0,"minecraft:iron_boots":1,"minecraft:iron_chestplate":1,"minecraft:diamond_pickaxe":1,"minecraft:iron_axe":1,"minecraft:stick":12,"minecraft:iron_ingot":30,"minecraft:iron_pickaxe":1,"minecraft:stone_pickaxe":1,"minecraft:wooden_axe":1,"minecraft:chest":2,"minecraft:iron_leggings":1,"minecraft:spruce_boat":1},"minecraft:mined":{"minecraft:tuff":34,"minecraft:dark_oak_leaves":1,"minecraft:deepslate_diamond_ore":26,"minecraft:crafting_table":4,"minecraft:granite":5,"minecraft:short_grass":2,"minecraft:grass_block":13,"minecraft:spruce_leaves":3,"minecraft:lapis_ore":6,"minecraft:oak_planks":24,"minecraft:diorite":48,"minecraft:furnace":6,"minecraft:cobbled_deepslate":3,"minecraft:iron_ore":50,"minecraft:spruce_log":39,"minecraft:birch_leaves":2,"minecraft:andesite":52,"minecraft:yellow_bed":3,"minecraft:coal_ore":13,"minecraft:oak_log":56,"minecraft:deepslate_iron_ore":9,"minecraft:dirt_path":2,"minecraft:sand":1,"minecraft:gravel":4,"minecraft:dirt":11,"minecraft:stone":303,"minecraft:oak_leaves":20,"minecraft:deepslate":327},"minecraft:dropped":{"minecraft:feather":2,"minecraft:flint":2,"minecraft:mutton":2,"minecraft:wooden_axe":2,"minecraft:arrow":2},"minecraft:broken":{"minecraft:stone_pickaxe":1,"minecraft:iron_pickaxe":1,"minecraft:wooden_axe":1,"minecraft:wooden_pickaxe":1},"minecraft:custom":{"minecraft:interact_with_furnace":52,"minecraft:mob_kills":39,"minecraft:interact_with_crafting_table":13,"minecraft:leave_game":1,"minecraft:time_since_death":114486,"minecraft:sleep_in_bed":3,"minecraft:time_since_rest":26624,"minecraft:sprint_one_cm":250108,"minecraft:damage_taken":1308,"minecraft:walk_one_cm":216463,"minecraft:drop":8,"minecraft:damage_dealt":3881,"minecraft:talked_to_villager":1,"minecraft:swim_one_cm":33152,"minecraft:fly_one_cm":490859,"minecraft:open_chest":27,"minecraft:crouch_one_cm":8217,"minecraft:play_time":114486,"minecraft:sneak_time":3033,"minecraft:walk_under_water_one_cm":3283,"minecraft:boat_one_cm":23892,"minecraft:jump":2663,"minecraft:walk_on_water_one_cm":14652,"minecraft:total_world_time":114486,"minecraft:fall_one_cm":81877,"minecraft:horse_one_cm":195},"minecraft:killed":{"minecraft:cat":1,"minecraft:pig":12,"minecraft:sheep":10,"minecraft:skeleton":1,"minecraft:chicken":1,"minecraft:villager":1,"minecraft:cow":12},"minecraft:used":{"minecraft:cooked_mutton":3,"minecraft:diorite":48,"minecraft:stone_pickaxe":131,"minecraft:oak_planks":120,"minecraft:chest":2,"minecraft:spruce_planks":5,"minecraft:wooden_pickaxe":59,"minecraft:white_wool":9,"minecraft:torch":2,"minecraft:dirt":12,"minecraft:sand":1,"minecraft:crafting_table":7,"minecraft:tuff":34,"minecraft:granite":3,"minecraft:spruce_log":15,"minecraft:oak_log":29,"minecraft:spruce_boat":1,"minecraft:wooden_axe":47,"minecraft:diamond_pickaxe":450,"minecraft:apple":2,"minecraft:iron_axe":168,"minecraft:bread":7,"minecraft:iron_pickaxe":250,"minecraft:gravel":2,"minecraft:cobblestone":13,"minecraft:furnace":8,"minecraft:cooked_porkchop":6,"minecraft:yellow_bed":2,"minecraft:egg":1,"minecraft:cooked_beef":8,"minecraft:cobbled_deepslate":128}},"DataVersion":3839}