{"stats":{"minecraft:killed":{"minecraft:witch":1,"minecraft:spider":11,"minecraft:skeleton":19,"minecraft:chicken":10,"minecraft:piglin":2,"minecraft:pig":11,"minecraft:iron_golem":2,"minecraft:creeper":8,"minecraft:sheep":14,"minecraft:pillager":3,"minecraft:zombie":88,"minecraft:stray":1,"minecraft:cow":8,"minecraft:blaze":21,"minecraft:slime":8,"minecraft:drowned":5,"minecraft:bat":1,"minecraft:wither_skeleton":2,"minecraft:villager":1},"minecraft:used":{"minecraft:iron_shovel":303,"minecraft:poppy":2,"minecraft:chest":26,"minecraft:shield":137,"minecraft:nether_wart":86,"minecraft:bell":1,"minecraft:soul_sand":43,"minecraft:nether_bricks":4,"minecraft:carrot":214,"minecraft:azure_bluet":1,"minecraft:glass":16,"minecraft:lantern":16,"minecraft:birch_sapling":23,"chisel:crude_paneling/oak_planks":1,"minecraft:bow":17,"minecraft:oak_sapling":203,"minecraft:furnace":7,"minecraft:egg":4,"minecraft:potato":244,"minecraft:diamond_boots":1,"minecraft:oak_planks":23,"minecraft:stone_pickaxe":168,"minecraft:sugar_cane":69,"minecraft:blue_bed":1,"minecraft:diamond_axe":1231,"minecraft:dark_oak_trapdoor":2,"minecraft:sand":1,"minecraft:string":2,"minecraft:bread":76,"minecraft:lectern":254,"minecraft:gravel":65,"minecraft:grindstone":4,"minecraft:andesite":6,"minecraft:smooth_stone_slab":21,"minecraft:oak_boat":3,"minecraft:bone_meal":14,"minecraft:oak_fence":4,"minecraft:oak_trapdoor":10,"minecraft:stone_shovel":26,"minecraft:cooked_chicken":4,"minecraft:stone_hoe":32,"minecraft:netherrack":287,"minecraft:oak_door":5,"minecraft:torch":128,"minecraft:brewing_stand":1,"minecraft:dirt":332,"minecraft:anvil":2,"minecraft:hopper":4,"minecraft:cobblestone_wall":2,"minecraft:oak_fence_gate":3,"minecraft:nether_brick_stairs":2,"minecraft:iron_hoe":133,"minecraft:dark_oak_planks":3,"minecraft:bookshelf":8,"minecraft:iron_axe":625,"minecraft:oak_stairs":6,"minecraft:cherry_trapdoor":1,"minecraft:tripwire_hook":1,"minecraft:cooked_beef":3,"minecraft:cobbled_deepslate":34,"minecraft:wheat_seeds":2,"minecraft:cooked_mutton":5,"minecraft:water_bucket":6,"minecraft:baked_potato":93,"chisel:crude_vertical/oak_planks":1,"minecraft:fletching_table":1,"minecraft:oak_slab":37,"minecraft:crafting_table":6,"minecraft:white_bed":4,"minecraft:smoker":1,"minecraft:oak_log":34,"minecraft:flower_pot":1,"minecraft:diamond_pickaxe":840,"minecraft:apple":1,"minecraft:chicken":4,"minecraft:iron_pickaxe":264,"minecraft:stone_axe":201,"minecraft:cobblestone":133,"minecraft:cooked_porkchop":32,"minecraft:bucket":7,"minecraft:yellow_bed":1,"minecraft:stripped_oak_log":2,"minecraft:dandelion":1,"minecraft:diamond_leggings":1,"minecraft:splash_potion":2},"minecraft:picked_up":{"minecraft:iron_chestplate":7,"minecraft:wheat":35,"minecraft:nether_brick_fence":1,"minecraft:flower_pot":3,"minecraft:anvil":2,"minecraft:sentry_armor_trim_smithing_template":2,"minecraft:oak_stairs":7,"minecraft:enchanted_book":8,"minecraft:brewing_stand":3,"minecraft:string":392,"minecraft:dark_oak_trapdoor":2,"minecraft:raw_copper":9,"minecraft:smooth_stone_slab":46,"minecraft:iron_leggings":4,"minecraft:shroomlight":5,"minecraft:beetroot":3,"minecraft:diamond_leggings":3,"minecraft:cobbled_deepslate":127,"minecraft:gold_nugget":36,"minecraft:smooth_stone":55,"minecraft:redstone_torch":3,"minecraft:iron_pickaxe":5,"minecraft:furnace":6,"minecraft:iron_boots":7,"minecraft:tipped_arrow":1,"minecraft:stick":221,"minecraft:composter":2,"minecraft:oak_fence":42,"minecraft:torch":129,"minecraft:spruce_stairs":4,"minecraft:porkchop":31,"minecraft:diorite":1,"minecraft:golden_chestplate":2,"minecraft:cauldron":3,"minecraft:cactus":2,"minecraft:rotten_flesh":122,"minecraft:blaze_rod":9,"minecraft:obsidian":17,"minecraft:cobblestone":444,"minecraft:birch_log":31,"minecraft:feather":22,"minecraft:cooked_beef":1,"minecraft:andesite":20,"minecraft:smoker":1,"minecraft:potato":731,"minecraft:flint":17,"minecraft:lapis_lazuli":236,"minecraft:dirt":350,"minecraft:lantern":2,"minecraft:leather_boots":1,"minecraft:glass":7,"minecraft:bone":63,"minecraft:bow":5,"minecraft:wheat_seeds":247,"minecraft:raw_gold":22,"minecraft:bell":1,"minecraft:grindstone":5,"chisel:chaotic_small/cobblestone":1,"minecraft:glowstone_dust":32,"minecraft:fletching_table":3,"minecraft:diamond_helmet":3,"minecraft:stone_hoe":2,"minecraft:oak_planks":253,"minecraft:cooked_porkchop":56,"minecraft:oak_pressure_plate":1,"minecraft:poisonous_potato":1,"minecraft:sand":17,"minecraft:nether_brick_stairs":2,"minecraft:fermented_spider_eye":2,"minecraft:mossy_cobblestone":2,"minecraft:iron_hoe":1,"minecraft:sugar":10,"chisel:chisel":2,"minecraft:yellow_carpet":4,"minecraft:diamond":43,"minecraft:lever":2,"minecraft:granite":33,"minecraft:bone_meal":22,"minecraft:golden_apple":3,"minecraft:emerald":172,"minecraft:bread":291,"minecraft:oak_sapling":265,"minecraft:netherrack":315,"minecraft:bricks":3,"minecraft:diamond_pickaxe":7,"minecraft:crafting_table":13,"chisel:crude_paneling/oak_planks":1,"minecraft:azure_bluet":3,"minecraft:splash_potion":3,"minecraft:chicken":13,"minecraft:nether_wart":198,"minecraft:leather_leggings":1,"minecraft:brown_mushroom":42,"minecraft:shield":6,"minecraft:cornflower":3,"minecraft:oak_trapdoor":5,"minecraft:red_bed":3,"minecraft:iron_axe":7,"minecraft:flint_and_steel":1,"minecraft:white_carpet":19,"minecraft:iron_shovel":1,"minecraft:beef":15,"minecraft:oak_boat":5,"minecraft:poppy":8,"minecraft:spruce_slab":2,"minecraft:lectern":256,"minecraft:sugar_cane":472,"minecraft:chest":17,"minecraft:birch_sapling":27,"minecraft:cherry_trapdoor":3,"minecraft:piston":2,"minecraft:egg":11,"minecraft:raw_iron":161,"minecraft:oak_door":19,"minecraft:copper_ingot":1,"chisel:crude_vertical/oak_planks":3,"minecraft:carrot":704,"minecraft:redstone":112,"minecraft:dark_oak_planks":3,"minecraft:arrow":58,"minecraft:stone_shovel":3,"minecraft:diamond_chestplate":3,"minecraft:beetroot_seeds":11,"minecraft:pumpkin_pie":38,"minecraft:nether_bricks":10,"minecraft:diamond_boots":3,"minecraft:hay_block":68,"minecraft:gold_ingot":11,"minecraft:mutton":24,"minecraft:white_wool":26,"minecraft:stripped_oak_log":18,"minecraft:tripwire_hook":1,"minecraft:glow_ink_sac":2,"minecraft:crimson_stem":11,"minecraft:leather":5,"minecraft:red_mushroom":9,"minecraft:crimson_fungus":3,"minecraft:oak_log":698,"minecraft:cobblestone_wall":3,"minecraft:yellow_bed":4,"minecraft:nether_wart_block":6,"minecraft:gunpowder":13,"minecraft:cobblestone_stairs":7,"minecraft:paper":12,"minecraft:cooked_mutton":5,"minecraft:red_carpet":6,"minecraft:apple":95,"minecraft:iron_ingot":242,"minecraft:oak_fence_gate":5,"minecraft:stone_pickaxe":5,"minecraft:cooked_chicken":3,"minecraft:soul_sand":56,"minecraft:book":14,"minecraft:oak_slab":56,"minecraft:smooth_basalt":2,"minecraft:quartz":54,"minecraft:dandelion":27,"minecraft:gravel":105,"minecraft:blast_furnace":2,"minecraft:white_bed":11,"minecraft:spruce_log":6,"minecraft:spider_eye":5,"minecraft:slime_ball":16,"minecraft:stone_axe":5,"minecraft:iron_helmet":4,"minecraft:diamond_axe":4,"minecraft:baked_potato":87,"minecraft:black_wool":2,"minecraft:coal":251,"minecraft:hopper":4},"minecraft:killed_by":{"minecraft:creeper":5,"minecraft:piglin":1,"minecraft:zombie":1,"minecraft:skeleton":1},"minecraft:broken":{"minecraft:iron_shovel":1,"minecraft:leather_leggings":1,"minecraft:stone_pickaxe":1,"minecraft:stone_axe":1,"minecraft:shield":1,"minecraft:iron_axe":3},"minecraft:crafted":{"minecraft:smooth_stone":18,"minecraft:oak_planks":2472,"minecraft:cooked_chicken":4,"minecraft:stone":18,"minecraft:bookshelf":11,"minecraft:cooked_mutton":5,"minecraft:glass":102,"minecraft:hopper":4,"minecraft:iron_boots":3,"minecraft:chest":19,"minecraft:stone_hoe":1,"minecraft:oak_slab":48,"minecraft:emerald":374,"minecraft:cooked_porkchop":24,"minecraft:diamond_axe":1,"minecraft:crafting_table":2,"minecraft:spruce_planks":24,"minecraft:iron_helmet":7,"minecraft:baked_potato":121,"minecraft:clock":7,"minecraft:fletching_table":1,"minecraft:birch_planks":20,"minecraft:lectern":2,"minecraft:diamond_pickaxe":2,"minecraft:iron_chestplate":12,"minecraft:book":7,"minecraft:paper":339,"minecraft:charcoal":4,"minecraft:shield":4,"minecraft:stick":4576,"minecraft:iron_ingot":192,"minecraft:iron_pickaxe":1,"minecraft:oak_door":3,"minecraft:stone_shovel":1,"minecraft:furnace":3,"minecraft:piston":1,"minecraft:bone_meal":36,"minecraft:oak_trapdoor":10,"minecraft:lantern":14,"minecraft:iron_axe":2,"minecraft:iron_hoe":1,"minecraft:stone_pickaxe":3,"minecraft:cobblestone_wall":6,"minecraft:wheat":306,"minecraft:cooked_beef":9,"minecraft:sugar":12,"minecraft:blue_bed":1,"minecraft:bucket":1,"minecraft:stone_axe":2,"minecraft:enchanted_book":6,"minecraft:air":0,"minecraft:bread":198,"minecraft:blue_dye":1,"minecraft:oak_boat":1,"minecraft:oak_stairs":4,"minecraft:iron_shovel":2,"minecraft:iron_leggings":2,"minecraft:torch":104},"minecraft:mined":{"minecraft:dark_oak_planks":4,"minecraft:white_bed":11,"minecraft:farmland":40,"minecraft:cobblestone_stairs":4,"minecraft:potted_cactus":1,"minecraft:brewing_stand":1,"minecraft:obsidian":17,"minecraft:cherry_trapdoor":3,"minecraft:granite":13,"minecraft:grass_block":76,"minecraft:yellow_carpet":2,"chisel:crude_paneling/oak_planks":1,"minecraft:hopper":4,"minecraft:crimson_fungus":3,"minecraft:nether_wart":68,"minecraft:glowstone":9,"minecraft:dark_oak_trapdoor":2,"minecraft:iron_ore":77,"minecraft:cobbled_deepslate":2,"minecraft:fire":5,"minecraft:anvil":2,"minecraft:fletching_table":1,"minecraft:nether_brick_stairs":2,"minecraft:azure_bluet":1,"minecraft:water_cauldron":1,"minecraft:dirt_path":13,"minecraft:oak_stairs":8,"minecraft:spruce_slab":1,"minecraft:tripwire":1,"minecraft:brown_mushroom":47,"minecraft:red_bed":1,"minecraft:torch":15,"minecraft:blast_furnace":1,"minecraft:calcite":1,"minecraft:chest":17,"minecraft:glass":7,"minecraft:nether_quartz_ore":33,"minecraft:cobblestone":56,"minecraft:oak_planks":83,"minecraft:sugar_cane":303,"minecraft:grindstone":4,"minecraft:bricks":1,"minecraft:wall_torch":21,"minecraft:amethyst_block":2,"minecraft:birch_sapling":1,"minecraft:nether_wart_block":6,"minecraft:birch_log":31,"minecraft:wheat":40,"minecraft:smooth_stone_slab":29,"minecraft:oak_log":627,"minecraft:beetroots":3,"minecraft:oak_fence_gate":5,"minecraft:sand":1,"minecraft:dirt":75,"minecraft:smooth_basalt":2,"minecraft:netherrack":321,"minecraft:deepslate":64,"minecraft:oak_leaves":163,"minecraft:nether_gold_ore":8,"minecraft:red_carpet":2,"minecraft:mossy_cobblestone":2,"minecraft:deepslate_diamond_ore":9,"minecraft:oak_door":17,"minecraft:nether_bricks":7,"minecraft:spruce_leaves":2,"minecraft:red_mushroom":9,"minecraft:crimson_stem":11,"minecraft:hay_block":34,"minecraft:oak_trapdoor":5,"minecraft:furnace":4,"minecraft:carrots":179,"minecraft:andesite":10,"minecraft:bell":1,"minecraft:bookshelf":4,"minecraft:potatoes":206,"minecraft:deepslate_iron_ore":35,"minecraft:shroomlight":5,"minecraft:lantern":2,"minecraft:stripped_oak_log":17,"minecraft:stone":387,"minecraft:white_wool":6,"minecraft:oak_slab":14,"chisel:crude_vertical/oak_planks":2,"minecraft:glass_pane":8,"minecraft:soul_sand":33,"minecraft:dandelion":8,"minecraft:oak_fence":19,"minecraft:crafting_table":10,"minecraft:cornflower":6,"minecraft:short_grass":139,"chisel:chaotic_small/cobblestone":1,"minecraft:lectern":252,"minecraft:copper_ore":1,"minecraft:tall_grass":51,"minecraft:lapis_ore":3,"minecraft:diorite":1,"minecraft:spruce_stairs":2,"minecraft:cobblestone_wall":3,"minecraft:redstone_torch":1,"minecraft:white_carpet":10,"minecraft:spruce_log":5,"minecraft:birch_leaves":2,"minecraft:yellow_bed":2,"minecraft:coal_ore":118,"minecraft:gravel":112},"minecraft:custom":{"minecraft:interact_with_crafting_table":100,"minecraft:bell_ring":62,"minecraft:leave_game":4,"minecraft:time_since_death":211336,"minecraft:sprint_one_cm":3115277,"minecraft:damage_blocked_by_shield":6667,"minecraft:drop":134,"minecraft:talked_to_villager":434,"minecraft:play_time":781896,"minecraft:deaths":8,"minecraft:jump":10736,"minecraft:interact_with_brewingstand":5,"minecraft:walk_on_water_one_cm":34654,"minecraft:interact_with_furnace":186,"minecraft:traded_with_villager":455,"minecraft:sleep_in_bed":26,"minecraft:damage_dealt":36091,"minecraft:crouch_one_cm":31524,"minecraft:interact_with_smoker":53,"minecraft:interact_with_anvil":6,"minecraft:mob_kills":222,"minecraft:inspect_hopper":3,"minecraft:climb_one_cm":366,"minecraft:walk_one_cm":2356261,"minecraft:sneak_time":10663,"minecraft:walk_under_water_one_cm":16228,"minecraft:boat_one_cm":17359,"minecraft:total_world_time":781896,"minecraft:pot_flower":1,"minecraft:interact_with_grindstone":2,"minecraft:time_since_rest":42339,"minecraft:damage_taken":9627,"minecraft:swim_one_cm":63575,"minecraft:fly_one_cm":2615323,"minecraft:open_chest":809,"minecraft:fall_one_cm":196083},"minecraft:dropped":{"minecraft:piston":2,"minecraft:soul_sand":23,"minecraft:porkchop":3,"minecraft:brown_mushroom":10,"minecraft:diamond_axe":2,"minecraft:oak_log":14,"minecraft:baked_potato":25,"minecraft:fletching_table":1,"minecraft:iron_horse_armor":1,"minecraft:saddle":2,"minecraft:red_mushroom":9,"minecraft:flint":7,"minecraft:emerald":306,"minecraft:dirt":19,"minecraft:mutton":2,"minecraft:gold_nugget":4,"minecraft:pumpkin_pie":16,"minecraft:sand":10,"minecraft:sugar":10,"minecraft:iron_pickaxe":1,"minecraft:fermented_spider_eye":2,"minecraft:bone":14,"minecraft:stone_axe":1,"minecraft:lever":1,"minecraft:golden_chestplate":2,"minecraft:cobbled_deepslate":1,"minecraft:wheat":10,"minecraft:obsidian":16,"minecraft:beetroot":1,"minecraft:rotten_flesh":2,"minecraft:oak_planks":44,"minecraft:nether_brick_fence":1,"minecraft:carrot":1,"minecraft:gunpowder":1,"minecraft:arrow":13,"minecraft:glass":42,"minecraft:lectern":3,"minecraft:enchanted_book":5,"minecraft:bread":99,"minecraft:wheat_seeds":7,"minecraft:clock":1,"minecraft:bookshelf":1,"minecraft:diamond_leggings":1,"minecraft:iron_helmet":1,"minecraft:oak_fence":15,"minecraft:feather":4,"minecraft:book":10,"minecraft:apple":37,"chisel:chisel":1,"minecraft:coal":17,"minecraft:stick":75,"minecraft:brewing_stand":1,"minecraft:torch":15,"minecraft:diamond_helmet":1,"minecraft:iron_leggings":1,"minecraft:iron_axe":1,"minecraft:smooth_stone":18,"minecraft:paper":6,"minecraft:string":1,"minecraft:dandelion":7,"minecraft:nether_wart":72,"minecraft:blaze_rod":9,"minecraft:smooth_stone_slab":20,"minecraft:composter":1,"minecraft:chicken":3,"minecraft:iron_boots":2,"minecraft:stripped_oak_log":1,"minecraft:potato":64,"minecraft:hay_block":9,"minecraft:diamond_chestplate":1,"minecraft:iron_chestplate":2,"minecraft:diamond_pickaxe":3,"minecraft:yellow_bed":1,"minecraft:oak_boat":1,"minecraft:diamond_boots":1,"minecraft:stone_pickaxe":3}},"DataVersion":3839}