{"stats":{"minecraft:mined":{"minecraft:dark_oak_planks":4,"minecraft:white_bed":7,"minecraft:farmland":40,"minecraft:cobblestone_stairs":1,"minecraft:potted_cactus":1,"minecraft:brewing_stand":1,"minecraft:obsidian":1,"minecraft:cherry_trapdoor":3,"minecraft:granite":13,"minecraft:grass_block":47,"minecraft:yellow_carpet":2,"chisel:crude_paneling/oak_planks":1,"minecraft:crimson_fungus":3,"minecraft:nether_wart":25,"minecraft:glowstone":9,"minecraft:dark_oak_trapdoor":2,"minecraft:fire":3,"minecraft:iron_ore":77,"minecraft:cobbled_deepslate":2,"minecraft:anvil":2,"minecraft:fletching_table":1,"minecraft:azure_bluet":1,"minecraft:nether_brick_stairs":2,"minecraft:water_cauldron":1,"minecraft:dirt_path":11,"minecraft:oak_stairs":7,"minecraft:spruce_slab":1,"minecraft:brown_mushroom":47,"minecraft:red_bed":1,"minecraft:torch":11,"minecraft:blast_furnace":1,"minecraft:calcite":1,"minecraft:chest":14,"minecraft:nether_quartz_ore":7,"minecraft:glass":4,"minecraft:cobblestone":54,"minecraft:grindstone":1,"minecraft:sugar_cane":126,"minecraft:oak_planks":77,"minecraft:bricks":1,"minecraft:wall_torch":16,"minecraft:amethyst_block":2,"minecraft:nether_wart_block":6,"minecraft:birch_log":31,"minecraft:wheat":28,"minecraft:smooth_stone_slab":26,"minecraft:oak_log":555,"minecraft:beetroots":3,"minecraft:oak_fence_gate":5,"minecraft:sand":1,"minecraft:dirt":32,"minecraft:smooth_basalt":2,"minecraft:netherrack":65,"minecraft:oak_leaves":128,"minecraft:deepslate":64,"minecraft:red_carpet":2,"minecraft:mossy_cobblestone":2,"minecraft:deepslate_diamond_ore":9,"minecraft:oak_door":8,"minecraft:nether_bricks":3,"minecraft:spruce_leaves":2,"minecraft:crimson_stem":11,"minecraft:red_mushroom":9,"minecraft:hay_block":34,"minecraft:oak_trapdoor":3,"minecraft:furnace":4,"minecraft:carrots":131,"minecraft:andesite":10,"minecraft:bookshelf":4,"minecraft:potatoes":145,"minecraft:shroomlight":5,"minecraft:deepslate_iron_ore":35,"minecraft:stripped_oak_log":17,"minecraft:stone":254,"minecraft:white_wool":6,"minecraft:oak_slab":14,"chisel:crude_vertical/oak_planks":2,"minecraft:glass_pane":8,"minecraft:soul_sand":33,"minecraft:dandelion":6,"minecraft:oak_fence":19,"minecraft:crafting_table":8,"minecraft:cornflower":3,"minecraft:short_grass":103,"chisel:chaotic_small/cobblestone":1,"minecraft:lectern":133,"minecraft:tall_grass":48,"minecraft:copper_ore":1,"minecraft:lapis_ore":3,"minecraft:diorite":1,"minecraft:spruce_stairs":2,"minecraft:cobblestone_wall":3,"minecraft:redstone_torch":1,"minecraft:white_carpet":10,"minecraft:spruce_log":5,"minecraft:birch_leaves":2,"minecraft:yellow_bed":2,"minecraft:coal_ore":118,"minecraft:gravel":23},"minecraft:broken":{"minecraft:leather_leggings":1,"minecraft:stone_pickaxe":1,"minecraft:stone_axe":1,"minecraft:shield":1,"minecraft:iron_axe":3},"minecraft:killed":{"minecraft:witch":1,"minecraft:spider":8,"minecraft:skeleton":12,"minecraft:chicken":9,"minecraft:piglin":1,"minecraft:pig":8,"minecraft:iron_golem":1,"minecraft:creeper":6,"minecraft:sheep":4,"minecraft:pillager":3,"minecraft:zombie":49,"minecraft:blaze":20,"minecraft:cow":5,"minecraft:slime":8,"minecraft:bat":1,"minecraft:wither_skeleton":2,"minecraft:villager":1},"minecraft:custom":{"minecraft:interact_with_crafting_table":84,"minecraft:bell_ring":43,"minecraft:leave_game":3,"minecraft:time_since_death":8334,"minecraft:sprint_one_cm":2227473,"minecraft:damage_blocked_by_shield":5347,"minecraft:drop":111,"minecraft:talked_to_villager":266,"minecraft:play_time":578894,"minecraft:deaths":8,"minecraft:jump":7851,"minecraft:interact_with_brewingstand":4,"minecraft:walk_on_water_one_cm":28092,"minecraft:interact_with_furnace":180,"minecraft:traded_with_villager":151,"minecraft:sleep_in_bed":21,"minecraft:damage_dealt":23215,"minecraft:crouch_one_cm":19918,"minecraft:interact_with_smoker":52,"minecraft:mob_kills":145,"minecraft:interact_with_anvil":4,"minecraft:climb_one_cm":366,"minecraft:walk_one_cm":1702622,"minecraft:sneak_time":6743,"minecraft:walk_under_water_one_cm":15927,"minecraft:boat_one_cm":17359,"minecraft:total_world_time":578894,"minecraft:pot_flower":1,"minecraft:time_since_rest":8474,"minecraft:damage_taken":8384,"minecraft:swim_one_cm":59478,"minecraft:fly_one_cm":1844884,"minecraft:open_chest":544,"minecraft:fall_one_cm":134877},"minecraft:killed_by":{"minecraft:creeper":5,"minecraft:piglin":1,"minecraft:zombie":1,"minecraft:skeleton":1},"minecraft:used":{"minecraft:iron_shovel":164,"minecraft:chest":21,"minecraft:shield":109,"minecraft:carrot":165,"minecraft:azure_bluet":1,"minecraft:glass":4,"minecraft:birch_sapling":22,"chisel:crude_paneling/oak_planks":1,"minecraft:bow":6,"minecraft:furnace":7,"minecraft:oak_sapling":194,"minecraft:egg":3,"minecraft:potato":196,"minecraft:diamond_boots":1,"minecraft:stone_pickaxe":168,"minecraft:oak_planks":14,"minecraft:blue_bed":1,"minecraft:sugar_cane":69,"minecraft:diamond_axe":757,"minecraft:dark_oak_trapdoor":2,"minecraft:sand":1,"minecraft:bread":76,"minecraft:lectern":134,"minecraft:gravel":5,"minecraft:grindstone":1,"minecraft:andesite":6,"minecraft:smooth_stone_slab":18,"minecraft:oak_boat":3,"minecraft:bone_meal":14,"minecraft:oak_fence":3,"minecraft:oak_trapdoor":5,"minecraft:stone_shovel":26,"minecraft:cooked_chicken":4,"minecraft:stone_hoe":32,"minecraft:netherrack":52,"minecraft:oak_door":5,"minecraft:torch":106,"minecraft:brewing_stand":1,"minecraft:dirt":160,"minecraft:anvil":2,"minecraft:cobblestone_wall":2,"minecraft:nether_brick_stairs":2,"minecraft:oak_fence_gate":3,"minecraft:iron_hoe":132,"minecraft:dark_oak_planks":3,"minecraft:bookshelf":3,"minecraft:iron_axe":625,"minecraft:oak_stairs":6,"minecraft:cherry_trapdoor":1,"minecraft:cooked_beef":3,"minecraft:cobbled_deepslate":34,"minecraft:wheat_seeds":2,"minecraft:cooked_mutton":5,"minecraft:water_bucket":6,"minecraft:baked_potato":34,"chisel:crude_vertical/oak_planks":1,"minecraft:fletching_table":1,"minecraft:oak_slab":37,"minecraft:crafting_table":4,"minecraft:white_bed":3,"minecraft:smoker":1,"minecraft:oak_log":34,"minecraft:flower_pot":1,"minecraft:diamond_pickaxe":377,"minecraft:chicken":4,"minecraft:iron_pickaxe":264,"minecraft:stone_axe":201,"minecraft:cobblestone":125,"minecraft:cooked_porkchop":32,"minecraft:bucket":7,"minecraft:yellow_bed":1,"minecraft:stripped_oak_log":2,"minecraft:diamond_leggings":1,"minecraft:splash_potion":1},"minecraft:dropped":{"minecraft:soul_sand":23,"minecraft:piston":2,"minecraft:brown_mushroom":10,"minecraft:diamond_axe":2,"minecraft:oak_log":14,"minecraft:baked_potato":25,"minecraft:iron_horse_armor":1,"minecraft:saddle":2,"minecraft:red_mushroom":9,"minecraft:emerald":67,"minecraft:dirt":19,"minecraft:mutton":2,"minecraft:pumpkin_pie":16,"minecraft:gold_nugget":4,"minecraft:sand":10,"minecraft:iron_pickaxe":1,"minecraft:sugar":10,"minecraft:fermented_spider_eye":2,"minecraft:bone":14,"minecraft:stone_axe":1,"minecraft:lever":1,"minecraft:golden_chestplate":2,"minecraft:cobbled_deepslate":1,"minecraft:wheat":10,"minecraft:beetroot":1,"minecraft:rotten_flesh":1,"minecraft:oak_planks":44,"minecraft:nether_brick_fence":1,"minecraft:carrot":1,"minecraft:gunpowder":1,"minecraft:arrow":2,"minecraft:lectern":2,"minecraft:enchanted_book":4,"minecraft:bread":99,"minecraft:wheat_seeds":7,"minecraft:bookshelf":1,"minecraft:diamond_leggings":1,"minecraft:feather":4,"minecraft:oak_fence":15,"minecraft:iron_helmet":1,"minecraft:apple":37,"chisel:chisel":1,"minecraft:coal":17,"minecraft:stick":75,"minecraft:brewing_stand":1,"minecraft:torch":15,"minecraft:diamond_helmet":1,"minecraft:iron_leggings":1,"minecraft:iron_axe":1,"minecraft:smooth_stone":18,"minecraft:paper":6,"minecraft:dandelion":7,"minecraft:nether_wart":72,"minecraft:blaze_rod":9,"minecraft:composter":1,"minecraft:chicken":3,"minecraft:iron_boots":2,"minecraft:stripped_oak_log":1,"minecraft:potato":64,"minecraft:hay_block":9,"minecraft:diamond_chestplate":1,"minecraft:diamond_pickaxe":2,"minecraft:iron_chestplate":2,"minecraft:yellow_bed":1,"minecraft:oak_boat":1,"minecraft:diamond_boots":1,"minecraft:stone_pickaxe":3},"minecraft:picked_up":{"minecraft:iron_chestplate":7,"minecraft:wheat":30,"minecraft:nether_brick_fence":1,"minecraft:anvil":2,"minecraft:flower_pot":3,"minecraft:sentry_armor_trim_smithing_template":2,"minecraft:oak_stairs":6,"minecraft:enchanted_book":3,"minecraft:brewing_stand":3,"minecraft:string":37,"minecraft:dark_oak_trapdoor":2,"minecraft:raw_copper":9,"minecraft:smooth_stone_slab":43,"minecraft:iron_leggings":4,"minecraft:shroomlight":5,"minecraft:beetroot":3,"minecraft:diamond_leggings":3,"minecraft:cobbled_deepslate":127,"minecraft:gold_nugget":12,"minecraft:smooth_stone":54,"minecraft:redstone_torch":3,"minecraft:iron_pickaxe":5,"minecraft:furnace":6,"minecraft:iron_boots":7,"minecraft:stick":214,"minecraft:composter":2,"minecraft:oak_fence":42,"minecraft:torch":116,"minecraft:spruce_stairs":4,"minecraft:porkchop":24,"minecraft:diorite":1,"minecraft:cauldron":3,"minecraft:cactus":2,"minecraft:rotten_flesh":79,"minecraft:blaze_rod":9,"minecraft:obsidian":1,"minecraft:cobblestone":310,"minecraft:birch_log":31,"minecraft:feather":20,"minecraft:cooked_beef":1,"minecraft:andesite":20,"minecraft:smoker":1,"minecraft:potato":550,"minecraft:flint":1,"minecraft:lapis_lazuli":236,"minecraft:dirt":227,"minecraft:leather_boots":1,"minecraft:glass":7,"minecraft:bone":53,"minecraft:bow":1,"minecraft:wheat_seeds":222,"minecraft:raw_gold":22,"minecraft:grindstone":2,"minecraft:diamond_helmet":3,"chisel:chaotic_small/cobblestone":1,"minecraft:glowstone_dust":32,"minecraft:fletching_table":3,"minecraft:stone_hoe":2,"minecraft:oak_planks":247,"minecraft:cooked_porkchop":56,"minecraft:oak_pressure_plate":1,"minecraft:poisonous_potato":1,"minecraft:sand":17,"minecraft:nether_brick_stairs":2,"minecraft:fermented_spider_eye":2,"minecraft:mossy_cobblestone":2,"minecraft:iron_hoe":1,"chisel:chisel":2,"minecraft:sugar":10,"minecraft:yellow_carpet":4,"minecraft:diamond":43,"minecraft:lever":2,"minecraft:granite":33,"minecraft:bone_meal":22,"minecraft:golden_apple":2,"minecraft:emerald":97,"minecraft:bread":291,"minecraft:netherrack":65,"minecraft:oak_sapling":256,"minecraft:bricks":3,"minecraft:diamond_pickaxe":6,"minecraft:crafting_table":11,"chisel:crude_paneling/oak_planks":1,"minecraft:azure_bluet":3,"minecraft:splash_potion":2,"minecraft:chicken":12,"minecraft:nether_wart":75,"minecraft:leather_leggings":1,"minecraft:brown_mushroom":42,"minecraft:shield":6,"minecraft:cornflower":1,"minecraft:oak_trapdoor":3,"minecraft:red_bed":3,"minecraft:iron_axe":7,"minecraft:flint_and_steel":1,"minecraft:white_carpet":19,"minecraft:iron_shovel":1,"minecraft:beef":9,"minecraft:oak_boat":5,"minecraft:poppy":4,"minecraft:spruce_slab":2,"minecraft:lectern":135,"minecraft:sugar_cane":231,"minecraft:chest":14,"minecraft:birch_sapling":26,"minecraft:piston":2,"minecraft:cherry_trapdoor":3,"minecraft:egg":8,"minecraft:raw_iron":161,"minecraft:oak_door":10,"chisel:crude_vertical/oak_planks":3,"minecraft:carrot":537,"minecraft:redstone":112,"minecraft:dark_oak_planks":3,"minecraft:diamond_chestplate":3,"minecraft:arrow":52,"minecraft:stone_shovel":3,"minecraft:beetroot_seeds":11,"minecraft:pumpkin_pie":38,"minecraft:nether_bricks":6,"minecraft:diamond_boots":3,"minecraft:hay_block":68,"minecraft:gold_ingot":11,"minecraft:mutton":10,"minecraft:white_wool":19,"minecraft:stripped_oak_log":18,"minecraft:crimson_stem":11,"minecraft:glow_ink_sac":2,"minecraft:leather":2,"minecraft:red_mushroom":9,"minecraft:crimson_fungus":3,"minecraft:oak_log":626,"minecraft:nether_wart_block":6,"minecraft:gunpowder":13,"minecraft:yellow_bed":4,"minecraft:cobblestone_wall":3,"minecraft:cobblestone_stairs":4,"minecraft:paper":12,"minecraft:cooked_mutton":5,"minecraft:red_carpet":6,"minecraft:apple":93,"minecraft:oak_fence_gate":5,"minecraft:iron_ingot":238,"minecraft:stone_pickaxe":5,"minecraft:cooked_chicken":3,"minecraft:soul_sand":56,"minecraft:book":13,"minecraft:oak_slab":56,"minecraft:smooth_basalt":2,"minecraft:quartz":12,"minecraft:dandelion":21,"minecraft:gravel":26,"minecraft:blast_furnace":2,"minecraft:white_bed":8,"minecraft:spruce_log":6,"minecraft:spider_eye":5,"minecraft:slime_ball":16,"minecraft:stone_axe":5,"minecraft:iron_helmet":4,"minecraft:diamond_axe":4,"minecraft:baked_potato":87,"minecraft:coal":251},"minecraft:crafted":{"minecraft:oak_planks":2200,"minecraft:smooth_stone":18,"minecraft:cooked_chicken":4,"minecraft:stone":18,"minecraft:bookshelf":6,"minecraft:cooked_mutton":5,"minecraft:iron_boots":3,"minecraft:chest":15,"minecraft:stone_hoe":1,"minecraft:oak_slab":48,"minecraft:emerald":110,"minecraft:cooked_porkchop":24,"minecraft:diamond_axe":1,"minecraft:crafting_table":1,"minecraft:spruce_planks":24,"minecraft:iron_helmet":7,"minecraft:baked_potato":114,"minecraft:birch_planks":20,"minecraft:lectern":2,"minecraft:charcoal":4,"minecraft:book":2,"minecraft:iron_chestplate":12,"minecraft:paper":12,"minecraft:diamond_pickaxe":2,"minecraft:shield":4,"minecraft:stick":4272,"minecraft:iron_ingot":192,"minecraft:iron_pickaxe":1,"minecraft:oak_door":3,"minecraft:stone_shovel":1,"minecraft:furnace":3,"minecraft:piston":1,"minecraft:bone_meal":36,"minecraft:oak_trapdoor":4,"minecraft:iron_axe":2,"minecraft:iron_hoe":1,"minecraft:stone_pickaxe":3,"minecraft:cobblestone_wall":6,"minecraft:wheat":306,"minecraft:cooked_beef":9,"minecraft:sugar":12,"minecraft:blue_bed":1,"minecraft:bucket":1,"minecraft:stone_axe":2,"minecraft:enchanted_book":4,"minecraft:bread":198,"minecraft:air":0,"minecraft:blue_dye":1,"minecraft:oak_boat":1,"minecraft:oak_stairs":4,"minecraft:iron_shovel":2,"minecraft:iron_leggings":2,"minecraft:torch":80}},"DataVersion":3839}