{"stats":{"minecraft:picked_up":{"minecraft:iron_chestplate":8,"minecraft:wheat":36,"minecraft:nether_brick_fence":4,"minecraft:flower_pot":3,"minecraft:anvil":2,"minecraft:sentry_armor_trim_smithing_template":2,"minecraft:lead":1,"minecraft:oak_stairs":7,"minecraft:enchanted_book":8,"minecraft:brewing_stand":3,"minecraft:amethyst_block":1,"minecraft:string":1428,"minecraft:dark_oak_trapdoor":2,"minecraft:raw_copper":9,"minecraft:smooth_stone_slab":46,"minecraft:iron_leggings":5,"minecraft:shroomlight":5,"minecraft:beetroot":3,"minecraft:diamond_leggings":3,"minecraft:cobbled_deepslate":189,"minecraft:gold_nugget":36,"minecraft:smooth_stone":55,"minecraft:redstone_torch":3,"minecraft:calcite":2,"minecraft:iron_pickaxe":6,"minecraft:furnace":10,"minecraft:iron_boots":9,"minecraft:golden_helmet":1,"minecraft:tipped_arrow":1,"minecraft:stick":227,"minecraft:composter":2,"minecraft:oak_fence":42,"minecraft:torch":150,"minecraft:spruce_stairs":4,"minecraft:porkchop":31,"minecraft:diorite":1,"minecraft:golden_chestplate":2,"minecraft:cauldron":3,"minecraft:cactus":2,"minecraft:rotten_flesh":139,"minecraft:blaze_rod":18,"minecraft:obsidian":28,"minecraft:blaze_powder":10,"minecraft:cobblestone":510,"minecraft:birch_log":31,"minecraft:leather_chestplate":1,"minecraft:feather":22,"minecraft:cooked_beef":1,"minecraft:andesite":20,"minecraft:smoker":1,"minecraft:potato":731,"minecraft:flint":17,"minecraft:lapis_lazuli":475,"minecraft:dirt":361,"minecraft:lantern":2,"minecraft:leather_boots":1,"minecraft:glass":7,"minecraft:bone":84,"minecraft:bow":8,"minecraft:wheat_seeds":253,"minecraft:raw_gold":60,"minecraft:bell":1,"minecraft:grindstone":5,"chisel:chaotic_small/cobblestone":1,"minecraft:fletching_table":3,"minecraft:diamond_helmet":4,"minecraft:glowstone_dust":35,"minecraft:stone_hoe":2,"minecraft:oak_planks":261,"minecraft:cooked_porkchop":56,"minecraft:oak_pressure_plate":1,"minecraft:poisonous_potato":1,"minecraft:sand":17,"minecraft:nether_brick_stairs":2,"minecraft:fermented_spider_eye":2,"minecraft:mossy_cobblestone":2,"minecraft:iron_hoe":1,"minecraft:sugar":10,"chisel:chisel":2,"minecraft:yellow_carpet":4,"minecraft:diamond":43,"minecraft:lever":2,"minecraft:granite":38,"minecraft:bone_meal":22,"minecraft:golden_apple":3,"minecraft:emerald":263,"minecraft:bread":294,"minecraft:oak_sapling":265,"minecraft:netherrack":531,"minecraft:bricks":3,"minecraft:diamond_pickaxe":7,"minecraft:crafting_table":13,"chisel:crude_paneling/oak_planks":1,"minecraft:azure_bluet":3,"minecraft:splash_potion":3,"minecraft:chicken":13,"minecraft:nether_wart":198,"minecraft:leather_leggings":1,"minecraft:brown_mushroom":44,"minecraft:shield":8,"minecraft:cornflower":3,"minecraft:oak_trapdoor":5,"minecraft:red_bed":3,"minecraft:iron_axe":8,"minecraft:flint_and_steel":1,"minecraft:white_carpet":19,"minecraft:iron_shovel":1,"minecraft:beef":15,"minecraft:oak_boat":5,"minecraft:phantom_membrane":1,"minecraft:poppy":8,"minecraft:spruce_slab":2,"minecraft:lectern":525,"minecraft:sugar_cane":628,"minecraft:chest":17,"minecraft:birch_sapling":27,"minecraft:piston":2,"minecraft:cherry_trapdoor":3,"minecraft:egg":12,"minecraft:raw_iron":166,"minecraft:oak_door":19,"minecraft:copper_ingot":1,"chisel:crude_vertical/oak_planks":3,"minecraft:carrot":704,"minecraft:redstone":112,"minecraft:dark_oak_planks":3,"minecraft:arrow":77,"minecraft:stone_shovel":3,"minecraft:diamond_chestplate":3,"minecraft:beetroot_seeds":11,"minecraft:pumpkin_pie":38,"minecraft:nether_bricks":68,"minecraft:diamond_boots":3,"minecraft:hay_block":68,"minecraft:gold_ingot":11,"minecraft:mutton":26,"minecraft:white_wool":26,"minecraft:stripped_oak_log":18,"minecraft:glow_ink_sac":2,"minecraft:tripwire_hook":1,"minecraft:crimson_stem":11,"minecraft:leather":5,"minecraft:red_mushroom":12,"minecraft:crimson_fungus":3,"minecraft:oak_log":698,"minecraft:cobblestone_wall":3,"minecraft:yellow_bed":4,"minecraft:nether_wart_block":6,"minecraft:gunpowder":13,"minecraft:cobblestone_stairs":7,"minecraft:paper":30,"minecraft:cooked_mutton":5,"minecraft:red_carpet":6,"minecraft:apple":95,"minecraft:iron_ingot":266,"minecraft:oak_fence_gate":5,"minecraft:stone_pickaxe":5,"minecraft:cooked_chicken":3,"minecraft:iron_sword":2,"minecraft:soul_sand":56,"minecraft:book":56,"minecraft:oak_slab":56,"minecraft:smooth_basalt":3,"minecraft:quartz":72,"minecraft:dandelion":27,"minecraft:gravel":106,"minecraft:amethyst_shard":8,"minecraft:blast_furnace":2,"minecraft:white_bed":12,"minecraft:spruce_log":6,"minecraft:spider_eye":9,"minecraft:slime_ball":16,"minecraft:stone_axe":5,"minecraft:iron_helmet":6,"minecraft:diamond_axe":6,"minecraft:melon_seeds":1,"minecraft:baked_potato":140,"minecraft:black_wool":2,"minecraft:coal":468,"minecraft:hopper":4},"minecraft:crafted":{"minecraft:smooth_stone":18,"minecraft:oak_planks":2472,"minecraft:cooked_chicken":4,"minecraft:stone":18,"minecraft:bookshelf":11,"minecraft:cooked_mutton":5,"minecraft:glass":150,"minecraft:hopper":4,"minecraft:bow":13,"minecraft:iron_boots":3,"minecraft:chest":19,"minecraft:stone_hoe":1,"minecraft:oak_slab":48,"minecraft:arrow":368,"minecraft:emerald":666,"minecraft:cooked_porkchop":24,"minecraft:diamond_axe":1,"minecraft:crafting_table":2,"minecraft:spruce_planks":24,"minecraft:iron_helmet":7,"minecraft:baked_potato":219,"minecraft:clock":7,"minecraft:fletching_table":1,"minecraft:birch_planks":20,"minecraft:lectern":2,"minecraft:iron_chestplate":12,"minecraft:book":7,"minecraft:diamond_pickaxe":2,"minecraft:paper":468,"minecraft:charcoal":4,"minecraft:shield":5,"minecraft:stick":4576,"minecraft:iron_ingot":192,"minecraft:iron_pickaxe":1,"minecraft:golden_carrot":36,"minecraft:oak_door":3,"minecraft:stone_shovel":1,"minecraft:furnace":3,"minecraft:piston":1,"minecraft:bone_meal":36,"minecraft:oak_trapdoor":10,"minecraft:lantern":14,"minecraft:iron_axe":2,"minecraft:iron_hoe":1,"minecraft:stone_pickaxe":3,"minecraft:cobblestone_wall":6,"minecraft:wheat":306,"minecraft:cooked_beef":9,"minecraft:sugar":12,"minecraft:blue_bed":1,"minecraft:bucket":1,"minecraft:stone_axe":2,"minecraft:enchanted_book":25,"minecraft:air":0,"minecraft:bread":198,"minecraft:blue_dye":1,"minecraft:oak_boat":1,"minecraft:oak_stairs":4,"minecraft:iron_shovel":2,"minecraft:iron_leggings":2,"minecraft:pumpkin_pie":48,"minecraft:torch":104,"minecraft:lapis_block":56},"minecraft:mined":{"minecraft:dark_oak_planks":4,"minecraft:large_amethyst_bud":3,"minecraft:white_bed":12,"minecraft:farmland":40,"minecraft:cobblestone_stairs":4,"minecraft:potted_cactus":1,"minecraft:brewing_stand":1,"minecraft:obsidian":28,"minecraft:cherry_trapdoor":3,"minecraft:granite":29,"minecraft:grass_block":80,"minecraft:yellow_carpet":2,"chisel:crude_paneling/oak_planks":1,"minecraft:crimson_fungus":3,"minecraft:hopper":4,"minecraft:nether_wart":68,"minecraft:glowstone":10,"minecraft:dark_oak_trapdoor":2,"minecraft:iron_ore":77,"minecraft:cobbled_deepslate":17,"minecraft:fire":15,"minecraft:deepslate_lapis_ore":1,"minecraft:anvil":2,"minecraft:fletching_table":1,"minecraft:azure_bluet":1,"minecraft:nether_brick_stairs":2,"minecraft:water_cauldron":1,"minecraft:dirt_path":13,"minecraft:small_amethyst_bud":1,"minecraft:oak_stairs":8,"minecraft:spruce_slab":1,"minecraft:tripwire":1,"minecraft:brown_mushroom":47,"minecraft:red_bed":1,"minecraft:amethyst_cluster":2,"minecraft:torch":18,"minecraft:blast_furnace":1,"minecraft:calcite":3,"minecraft:chest":17,"minecraft:glass":9,"minecraft:nether_quartz_ore":38,"minecraft:cobblestone":60,"minecraft:oak_planks":95,"minecraft:sugar_cane":367,"minecraft:grindstone":4,"minecraft:bricks":1,"minecraft:wall_torch":24,"minecraft:amethyst_block":3,"minecraft:birch_sapling":1,"minecraft:nether_wart_block":6,"minecraft:birch_log":31,"minecraft:wheat":40,"minecraft:smooth_stone_slab":29,"minecraft:oak_log":627,"minecraft:beetroots":3,"minecraft:oak_fence_gate":5,"minecraft:sand":1,"minecraft:dirt":93,"minecraft:smooth_basalt":3,"minecraft:netherrack":629,"minecraft:deepslate":109,"minecraft:oak_leaves":163,"minecraft:nether_gold_ore":8,"minecraft:red_carpet":2,"minecraft:mossy_cobblestone":2,"minecraft:deepslate_diamond_ore":9,"minecraft:oak_door":17,"minecraft:nether_bricks":36,"minecraft:spruce_leaves":2,"minecraft:red_mushroom":9,"minecraft:crimson_stem":11,"minecraft:hay_block":34,"minecraft:oak_trapdoor":5,"minecraft:furnace":8,"minecraft:carrots":179,"minecraft:andesite":20,"minecraft:bell":1,"minecraft:nether_brick_fence":3,"minecraft:bookshelf":4,"minecraft:potatoes":206,"minecraft:shroomlight":5,"minecraft:deepslate_iron_ore":35,"minecraft:rail":2,"minecraft:lantern":2,"minecraft:stripped_oak_log":17,"minecraft:stone":465,"minecraft:white_wool":6,"minecraft:oak_slab":14,"chisel:crude_vertical/oak_planks":2,"minecraft:glass_pane":8,"minecraft:soul_sand":33,"minecraft:dandelion":8,"minecraft:oak_fence":19,"minecraft:crafting_table":10,"minecraft:cornflower":6,"minecraft:short_grass":140,"chisel:chaotic_small/cobblestone":1,"minecraft:lectern":514,"minecraft:copper_ore":1,"minecraft:tall_grass":51,"minecraft:deepslate_coal_ore":3,"minecraft:deepslate_gold_ore":6,"minecraft:lapis_ore":17,"minecraft:diorite":18,"minecraft:spruce_stairs":2,"minecraft:cobblestone_wall":3,"minecraft:redstone_torch":1,"minecraft:ice":1,"minecraft:white_carpet":10,"minecraft:spruce_log":5,"minecraft:birch_leaves":2,"minecraft:yellow_bed":2,"minecraft:coal_ore":225,"minecraft:gravel":112,"minecraft:cobweb":1,"minecraft:gold_ore":12},"minecraft:dropped":{"minecraft:iron_sword":1,"minecraft:piston":2,"minecraft:soul_sand":23,"minecraft:brown_mushroom":12,"minecraft:porkchop":3,"minecraft:diamond_axe":4,"minecraft:oak_log":14,"minecraft:baked_potato":132,"minecraft:glow_berries":5,"minecraft:iron_horse_armor":1,"minecraft:fletching_table":1,"minecraft:saddle":2,"minecraft:red_mushroom":12,"minecraft:flint":7,"minecraft:emerald":348,"minecraft:dirt":19,"minecraft:mutton":2,"minecraft:gold_nugget":4,"minecraft:pumpkin_pie":16,"minecraft:sand":10,"minecraft:sugar":10,"minecraft:iron_pickaxe":2,"minecraft:fermented_spider_eye":2,"minecraft:bone":14,"minecraft:stone_axe":1,"minecraft:sugar_cane":28,"minecraft:lever":1,"minecraft:golden_chestplate":2,"minecraft:cobbled_deepslate":4,"minecraft:wheat":11,"minecraft:obsidian":16,"minecraft:beetroot":1,"minecraft:rotten_flesh":20,"minecraft:oak_planks":44,"minecraft:glowstone_dust":3,"minecraft:blaze_powder":10,"minecraft:nether_brick_fence":4,"minecraft:carrot":1,"minecraft:gunpowder":1,"minecraft:melon_seeds":1,"minecraft:arrow":13,"minecraft:glass":42,"minecraft:quartz":7,"minecraft:netherrack":106,"minecraft:lectern":7,"minecraft:enchanted_book":10,"minecraft:bread":102,"minecraft:wheat_seeds":74,"minecraft:clock":1,"minecraft:golden_helmet":1,"minecraft:bookshelf":1,"minecraft:diamond_leggings":1,"minecraft:iron_helmet":3,"minecraft:oak_fence":15,"minecraft:feather":4,"minecraft:book":33,"minecraft:apple":37,"chisel:chisel":1,"minecraft:coal":17,"minecraft:stick":81,"minecraft:brewing_stand":1,"minecraft:torch":40,"minecraft:diamond_helmet":2,"minecraft:iron_leggings":2,"minecraft:iron_axe":2,"minecraft:smooth_stone":18,"minecraft:paper":24,"minecraft:string":1,"minecraft:dandelion":7,"minecraft:smooth_basalt":1,"minecraft:nether_wart":72,"minecraft:blaze_rod":18,"minecraft:smooth_stone_slab":20,"minecraft:composter":1,"minecraft:chicken":3,"minecraft:iron_boots":4,"minecraft:stripped_oak_log":1,"minecraft:nether_bricks":41,"minecraft:potato":64,"minecraft:hay_block":9,"minecraft:shield":1,"minecraft:diamond_chestplate":1,"minecraft:iron_chestplate":3,"minecraft:diamond_pickaxe":3,"minecraft:yellow_bed":1,"minecraft:oak_boat":1,"minecraft:diamond_boots":1,"minecraft:bow":2,"minecraft:stone_pickaxe":3,"minecraft:calcite":2},"minecraft:broken":{"minecraft:iron_shovel":1,"minecraft:leather_leggings":1,"minecraft:stone_pickaxe":1,"minecraft:stone_axe":1,"minecraft:shield":1,"minecraft:iron_axe":3},"minecraft:custom":{"minecraft:interact_with_crafting_table":105,"minecraft:bell_ring":62,"minecraft:leave_game":5,"minecraft:time_since_death":397282,"minecraft:sprint_one_cm":3715545,"minecraft:damage_blocked_by_shield":8206,"minecraft:drop":204,"minecraft:talked_to_villager":700,"minecraft:play_time":967842,"minecraft:deaths":8,"minecraft:jump":13391,"minecraft:interact_with_brewingstand":5,"minecraft:walk_on_water_one_cm":53708,"minecraft:interact_with_furnace":208,"minecraft:traded_with_villager":838,"minecraft:sleep_in_bed":30,"minecraft:damage_dealt":46223,"minecraft:crouch_one_cm":37027,"minecraft:interact_with_smoker":54,"minecraft:horse_one_cm":83668,"minecraft:interact_with_anvil":23,"minecraft:mob_kills":303,"minecraft:inspect_hopper":3,"minecraft:climb_one_cm":366,"minecraft:walk_one_cm":2854201,"minecraft:sneak_time":12653,"minecraft:walk_under_water_one_cm":24192,"minecraft:boat_one_cm":17359,"minecraft:total_world_time":967842,"minecraft:pot_flower":1,"minecraft:interact_with_grindstone":4,"minecraft:time_since_rest":4895,"minecraft:damage_taken":10926,"minecraft:swim_one_cm":91304,"minecraft:fly_one_cm":3225987,"minecraft:open_chest":967,"minecraft:fall_one_cm":236759},"minecraft:killed_by":{"minecraft:creeper":5,"minecraft:piglin":1,"minecraft:zombie":1,"minecraft:skeleton":1},"minecraft:killed":{"minecraft:cave_spider":4,"minecraft:witch":1,"minecraft:spider":16,"minecraft:skeleton":33,"minecraft:chicken":10,"minecraft:magma_cube":1,"minecraft:piglin":5,"minecraft:pig":11,"minecraft:iron_golem":2,"minecraft:creeper":10,"minecraft:sheep":14,"minecraft:pillager":3,"minecraft:zombie":104,"minecraft:ghast":1,"minecraft:stray":1,"minecraft:cow":8,"minecraft:blaze":46,"minecraft:slime":8,"minecraft:drowned":5,"minecraft:bat":1,"minecraft:wither_skeleton":8,"minecraft:villager":1},"minecraft:used":{"minecraft:iron_shovel":303,"minecraft:poppy":2,"minecraft:chest":26,"minecraft:shield":162,"minecraft:iron_sword":12,"minecraft:nether_wart":86,"minecraft:bell":1,"minecraft:soul_sand":43,"minecraft:nether_bricks":21,"minecraft:carrot":214,"minecraft:azure_bluet":1,"minecraft:glass":18,"minecraft:lantern":16,"minecraft:birch_sapling":23,"chisel:crude_paneling/oak_planks":1,"minecraft:bow":121,"minecraft:oak_sapling":203,"minecraft:furnace":7,"minecraft:egg":4,"minecraft:potato":244,"minecraft:diamond_boots":1,"minecraft:oak_planks":30,"minecraft:stone_pickaxe":168,"minecraft:sugar_cane":69,"minecraft:blue_bed":1,"minecraft:diamond_axe":1645,"minecraft:dark_oak_trapdoor":2,"minecraft:sand":1,"minecraft:string":4,"minecraft:bread":76,"minecraft:lectern":519,"minecraft:gravel":65,"minecraft:grindstone":4,"minecraft:andesite":6,"minecraft:smooth_stone_slab":21,"minecraft:oak_boat":3,"minecraft:bone_meal":14,"minecraft:oak_fence":4,"minecraft:oak_trapdoor":10,"minecraft:stone_shovel":26,"minecraft:cooked_chicken":4,"minecraft:stone_hoe":32,"minecraft:netherrack":325,"minecraft:oak_door":5,"minecraft:torch":156,"minecraft:brewing_stand":1,"minecraft:dirt":334,"minecraft:anvil":2,"minecraft:hopper":4,"minecraft:cobblestone_wall":2,"minecraft:diamond_helmet":1,"minecraft:oak_fence_gate":3,"minecraft:nether_brick_stairs":2,"minecraft:iron_hoe":133,"minecraft:dark_oak_planks":3,"minecraft:bookshelf":8,"minecraft:iron_axe":625,"minecraft:oak_stairs":6,"minecraft:cherry_trapdoor":1,"minecraft:tripwire_hook":1,"minecraft:golden_carrot":22,"minecraft:cooked_beef":3,"minecraft:cobbled_deepslate":93,"minecraft:wheat_seeds":2,"minecraft:cooked_mutton":5,"minecraft:water_bucket":6,"minecraft:amethyst_block":1,"minecraft:baked_potato":101,"chisel:crude_vertical/oak_planks":1,"minecraft:fletching_table":1,"minecraft:oak_slab":37,"minecraft:crafting_table":6,"minecraft:white_bed":4,"minecraft:smoker":1,"minecraft:oak_log":34,"minecraft:flower_pot":1,"minecraft:diamond_pickaxe":1570,"minecraft:apple":1,"minecraft:chicken":4,"minecraft:iron_pickaxe":264,"minecraft:stone_axe":201,"minecraft:cobblestone":133,"minecraft:cooked_porkchop":32,"minecraft:bucket":7,"minecraft:pumpkin_pie":4,"minecraft:yellow_bed":1,"minecraft:stripped_oak_log":2,"minecraft:dandelion":1,"minecraft:diamond_leggings":1,"minecraft:splash_potion":2}},"DataVersion":3839}