{"stats":{"minecraft:killed_by":{"minecraft:creeper":3,"minecraft:skeleton":1,"minecraft:zombie":1},"minecraft:custom":{"minecraft:mob_kills":101,"minecraft:interact_with_crafting_table":46,"minecraft:time_since_death":30095,"minecraft:climb_one_cm":366,"minecraft:sprint_one_cm":786623,"minecraft:walk_one_cm":699979,"minecraft:damage_blocked_by_shield":3142,"minecraft:drop":22,"minecraft:talked_to_villager":166,"minecraft:play_time":232532,"minecraft:sneak_time":3847,"minecraft:deaths":5,"minecraft:walk_under_water_one_cm":13206,"minecraft:boat_one_cm":49,"minecraft:jump":3028,"minecraft:interact_with_brewingstand":3,"minecraft:walk_on_water_one_cm":18484,"minecraft:total_world_time":232532,"minecraft:interact_with_furnace":104,"minecraft:traded_with_villager":10,"minecraft:pot_flower":1,"minecraft:sleep_in_bed":5,"minecraft:time_since_rest":14139,"minecraft:damage_taken":4898,"minecraft:damage_dealt":14923,"minecraft:swim_one_cm":28406,"minecraft:fly_one_cm":633443,"minecraft:open_chest":122,"minecraft:crouch_one_cm":11675,"minecraft:interact_with_smoker":16,"minecraft:fall_one_cm":53078},"minecraft:mined":{"minecraft:red_carpet":2,"minecraft:white_bed":3,"minecraft:deepslate_diamond_ore":9,"minecraft:oak_door":4,"minecraft:potted_cactus":1,"minecraft:brewing_stand":1,"minecraft:cherry_trapdoor":2,"minecraft:granite":13,"minecraft:grass_block":5,"minecraft:spruce_leaves":2,"minecraft:hay_block":34,"minecraft:carrots":25,"minecraft:cobbled_deepslate":1,"minecraft:iron_ore":77,"minecraft:andesite":10,"minecraft:fletching_table":1,"minecraft:bookshelf":1,"minecraft:deepslate_iron_ore":35,"minecraft:potatoes":23,"minecraft:water_cauldron":1,"minecraft:dirt_path":5,"minecraft:oak_stairs":5,"minecraft:stripped_oak_log":4,"minecraft:stone":137,"minecraft:white_wool":6,"minecraft:spruce_slab":1,"minecraft:red_bed":1,"minecraft:oak_fence":18,"minecraft:crafting_table":6,"minecraft:torch":9,"minecraft:short_grass":26,"minecraft:blast_furnace":1,"minecraft:calcite":1,"minecraft:chest":1,"minecraft:lectern":132,"minecraft:cobblestone":12,"minecraft:copper_ore":1,"minecraft:tall_grass":7,"minecraft:lapis_ore":3,"minecraft:oak_planks":11,"minecraft:grindstone":1,"minecraft:sugar_cane":17,"minecraft:bricks":1,"minecraft:diorite":1,"minecraft:wall_torch":10,"minecraft:amethyst_block":2,"minecraft:spruce_stairs":2,"minecraft:redstone_torch":1,"minecraft:wheat":28,"minecraft:white_carpet":9,"minecraft:spruce_log":5,"minecraft:yellow_bed":1,"minecraft:smooth_stone_slab":2,"minecraft:oak_log":46,"minecraft:coal_ore":97,"minecraft:beetroots":3,"minecraft:oak_fence_gate":3,"minecraft:gravel":22,"minecraft:dirt":1,"minecraft:smooth_basalt":2,"minecraft:deepslate":64,"minecraft:oak_leaves":21},"minecraft:killed":{"minecraft:spider":6,"minecraft:slime":8,"minecraft:skeleton":8,"minecraft:chicken":5,"minecraft:pig":8,"minecraft:iron_golem":1,"minecraft:bat":1,"minecraft:creeper":5,"minecraft:sheep":3,"minecraft:pillager":2,"minecraft:zombie":44,"minecraft:villager":1,"minecraft:cow":5},"minecraft:dropped":{"minecraft:enchanted_book":1,"minecraft:bread":53,"minecraft:wheat_seeds":1,"minecraft:oak_log":14,"minecraft:bookshelf":1,"minecraft:oak_fence":15,"minecraft:coal":17,"minecraft:stick":34,"minecraft:emerald":6,"minecraft:dirt":4,"minecraft:torch":15,"minecraft:iron_axe":1,"minecraft:iron_pickaxe":1,"minecraft:stone_axe":1,"minecraft:hay_block":9,"minecraft:stone_pickaxe":3},"minecraft:crafted":{"minecraft:oak_planks":136,"minecraft:smooth_stone":18,"minecraft:stone_shovel":1,"minecraft:cooked_chicken":4,"minecraft:furnace":3,"minecraft:stone":18,"minecraft:bookshelf":2,"minecraft:cooked_mutton":5,"minecraft:iron_boots":1,"minecraft:iron_axe":2,"minecraft:stone_pickaxe":3,"minecraft:chest":5,"minecraft:stone_hoe":1,"minecraft:wheat":306,"minecraft:cooked_beef":6,"minecraft:oak_slab":48,"minecraft:emerald":6,"minecraft:cooked_porkchop":24,"minecraft:crafting_table":1,"minecraft:spruce_planks":24,"minecraft:iron_helmet":1,"minecraft:enchanted_book":3,"minecraft:stone_axe":2,"minecraft:bread":102,"minecraft:air":0,"minecraft:lectern":1,"minecraft:iron_chestplate":1,"minecraft:paper":12,"minecraft:book":2,"minecraft:diamond_pickaxe":1,"minecraft:shield":3,"minecraft:stick":248,"minecraft:iron_ingot":21,"minecraft:iron_pickaxe":1,"minecraft:iron_leggings":1,"minecraft:torch":60},"minecraft:used":{"minecraft:oak_fence":2,"minecraft:stone_shovel":26,"minecraft:chest":6,"minecraft:shield":68,"minecraft:cooked_chicken":4,"minecraft:stone_hoe":32,"minecraft:torch":77,"minecraft:brewing_stand":1,"minecraft:dirt":6,"minecraft:carrot":23,"minecraft:oak_fence_gate":1,"minecraft:iron_axe":389,"minecraft:oak_stairs":1,"minecraft:bow":6,"minecraft:furnace":3,"minecraft:egg":3,"minecraft:potato":38,"minecraft:cobbled_deepslate":33,"minecraft:wheat_seeds":2,"minecraft:cooked_mutton":5,"minecraft:stone_pickaxe":168,"minecraft:oak_planks":2,"minecraft:fletching_table":1,"minecraft:sugar_cane":3,"minecraft:crafting_table":4,"minecraft:white_bed":3,"minecraft:diamond_pickaxe":49,"minecraft:flower_pot":1,"minecraft:bread":16,"minecraft:iron_pickaxe":264,"minecraft:lectern":133,"minecraft:gravel":4,"minecraft:stone_axe":201,"minecraft:cobblestone":35,"minecraft:cooked_porkchop":32,"minecraft:andesite":6,"minecraft:smooth_stone_slab":1,"minecraft:oak_boat":1,"minecraft:stripped_oak_log":2,"minecraft:splash_potion":1},"minecraft:broken":{"minecraft:leather_leggings":1,"minecraft:stone_pickaxe":1,"minecraft:iron_axe":2,"minecraft:stone_axe":1},"minecraft:picked_up":{"minecraft:iron_chestplate":2,"minecraft:crafting_table":9,"minecraft:wheat":10,"minecraft:splash_potion":2,"minecraft:chicken":4,"minecraft:flower_pot":2,"minecraft:leather_leggings":1,"minecraft:oak_stairs":4,"minecraft:brewing_stand":2,"minecraft:shield":4,"minecraft:raw_copper":9,"minecraft:string":11,"minecraft:red_bed":2,"minecraft:iron_axe":6,"minecraft:smooth_stone_slab":6,"minecraft:white_carpet":18,"minecraft:beetroot":1,"minecraft:cobbled_deepslate":65,"minecraft:gold_nugget":4,"minecraft:smooth_stone":18,"minecraft:beef":9,"minecraft:oak_boat":2,"minecraft:redstone_torch":2,"minecraft:poppy":2,"minecraft:iron_pickaxe":4,"minecraft:spruce_slab":2,"minecraft:lectern":133,"minecraft:sugar_cane":53,"minecraft:chest":1,"minecraft:cherry_trapdoor":2,"minecraft:egg":3,"minecraft:iron_boots":3,"minecraft:furnace":2,"minecraft:stick":46,"minecraft:raw_iron":161,"minecraft:oak_door":6,"minecraft:oak_fence":18,"minecraft:torch":82,"minecraft:spruce_stairs":4,"minecraft:porkchop":24,"minecraft:diorite":1,"minecraft:carrot":123,"minecraft:cauldron":2,"minecraft:rotten_flesh":61,"minecraft:cactus":2,"minecraft:arrow":26,"minecraft:stone_shovel":3,"minecraft:beetroot_seeds":7,"minecraft:hay_block":68,"minecraft:mutton":5,"minecraft:white_wool":9,"minecraft:cobblestone":159,"minecraft:stripped_oak_log":4,"minecraft:feather":4,"minecraft:andesite":10,"minecraft:leather":2,"minecraft:potato":87,"minecraft:flint":1,"minecraft:oak_log":112,"minecraft:yellow_bed":1,"minecraft:gunpowder":5,"minecraft:lapis_lazuli":26,"minecraft:dirt":18,"minecraft:cooked_mutton":5,"minecraft:red_carpet":4,"minecraft:bone":13,"minecraft:apple":6,"minecraft:bow":1,"minecraft:wheat_seeds":74,"minecraft:cooked_chicken":3,"minecraft:grindstone":1,"minecraft:iron_ingot":66,"minecraft:oak_fence_gate":3,"minecraft:stone_pickaxe":5,"minecraft:fletching_table":3,"minecraft:oak_planks":21,"minecraft:stone_hoe":2,"minecraft:book":4,"minecraft:smooth_basalt":2,"minecraft:cooked_porkchop":56,"minecraft:dandelion":1,"minecraft:oak_pressure_plate":1,"minecraft:gravel":25,"minecraft:blast_furnace":2,"minecraft:white_bed":3,"minecraft:spruce_log":6,"minecraft:spider_eye":2,"minecraft:slime_ball":8,"minecraft:diamond":10,"minecraft:stone_axe":5,"minecraft:granite":9,"minecraft:golden_apple":2,"minecraft:emerald":43,"minecraft:bread":226,"minecraft:oak_sapling":3,"minecraft:bricks":2,"minecraft:coal":207,"minecraft:diamond_pickaxe":2}},"DataVersion":3839}