{"stats":{"minecraft:dropped":{"minecraft:piston":2,"minecraft:diamond_axe":1,"minecraft:oak_log":14,"minecraft:baked_potato":24,"minecraft:emerald":58,"minecraft:dirt":19,"minecraft:mutton":2,"minecraft:pumpkin_pie":16,"minecraft:gold_nugget":4,"minecraft:sand":10,"minecraft:sugar":10,"minecraft:iron_pickaxe":1,"minecraft:fermented_spider_eye":2,"minecraft:bone":14,"minecraft:stone_axe":1,"minecraft:lever":1,"minecraft:wheat":10,"minecraft:rotten_flesh":1,"minecraft:oak_planks":44,"minecraft:carrot":1,"minecraft:gunpowder":1,"minecraft:arrow":2,"minecraft:lectern":2,"minecraft:enchanted_book":1,"minecraft:bread":93,"minecraft:wheat_seeds":2,"minecraft:bookshelf":1,"minecraft:iron_helmet":1,"minecraft:oak_fence":15,"minecraft:feather":4,"minecraft:apple":37,"chisel:chisel":1,"minecraft:coal":17,"minecraft:stick":75,"minecraft:brewing_stand":1,"minecraft:torch":15,"minecraft:iron_leggings":1,"minecraft:iron_axe":1,"minecraft:smooth_stone":18,"minecraft:paper":6,"minecraft:dandelion":7,"minecraft:composter":1,"minecraft:chicken":1,"minecraft:iron_boots":2,"minecraft:stripped_oak_log":1,"minecraft:hay_block":9,"minecraft:iron_chestplate":2,"minecraft:yellow_bed":1,"minecraft:oak_boat":1,"minecraft:stone_pickaxe":3},"minecraft:killed_by":{"minecraft:creeper":4,"minecraft:zombie":1,"minecraft:skeleton":1},"minecraft:custom":{"minecraft:interact_with_crafting_table":75,"minecraft:bell_ring":43,"minecraft:leave_game":3,"minecraft:time_since_death":154489,"minecraft:sprint_one_cm":1690470,"minecraft:damage_blocked_by_shield":4042,"minecraft:drop":67,"minecraft:talked_to_villager":256,"minecraft:play_time":441793,"minecraft:deaths":6,"minecraft:jump":5445,"minecraft:interact_with_brewingstand":3,"minecraft:walk_on_water_one_cm":20849,"minecraft:interact_with_furnace":174,"minecraft:traded_with_villager":134,"minecraft:sleep_in_bed":17,"minecraft:damage_dealt":17635,"minecraft:crouch_one_cm":13493,"minecraft:interact_with_smoker":44,"minecraft:mob_kills":114,"minecraft:interact_with_anvil":3,"minecraft:climb_one_cm":366,"minecraft:walk_one_cm":1235821,"minecraft:sneak_time":4808,"minecraft:walk_under_water_one_cm":13764,"minecraft:boat_one_cm":17349,"minecraft:total_world_time":441793,"minecraft:pot_flower":1,"minecraft:time_since_rest":24025,"minecraft:damage_taken":5541,"minecraft:swim_one_cm":35205,"minecraft:fly_one_cm":1292908,"minecraft:open_chest":359,"minecraft:fall_one_cm":91847},"minecraft:mined":{"minecraft:dark_oak_planks":4,"minecraft:white_bed":6,"minecraft:farmland":40,"minecraft:potted_cactus":1,"minecraft:brewing_stand":1,"minecraft:cherry_trapdoor":3,"minecraft:granite":13,"minecraft:grass_block":35,"minecraft:yellow_carpet":2,"minecraft:dark_oak_trapdoor":2,"minecraft:iron_ore":77,"minecraft:cobbled_deepslate":1,"minecraft:fletching_table":1,"minecraft:water_cauldron":1,"minecraft:dirt_path":11,"minecraft:oak_stairs":6,"minecraft:spruce_slab":1,"minecraft:red_bed":1,"minecraft:torch":11,"minecraft:blast_furnace":1,"minecraft:calcite":1,"minecraft:chest":3,"minecraft:cobblestone":16,"minecraft:grindstone":1,"minecraft:sugar_cane":72,"minecraft:oak_planks":23,"minecraft:bricks":1,"minecraft:wall_torch":10,"minecraft:amethyst_block":2,"minecraft:birch_log":26,"minecraft:wheat":28,"minecraft:smooth_stone_slab":2,"minecraft:oak_log":501,"minecraft:beetroots":3,"minecraft:oak_fence_gate":5,"minecraft:sand":1,"minecraft:dirt":23,"minecraft:smooth_basalt":2,"minecraft:oak_leaves":125,"minecraft:deepslate":64,"minecraft:red_carpet":2,"minecraft:deepslate_diamond_ore":9,"minecraft:oak_door":4,"minecraft:spruce_leaves":2,"minecraft:hay_block":34,"minecraft:oak_trapdoor":3,"minecraft:carrots":82,"minecraft:andesite":10,"minecraft:bookshelf":4,"minecraft:potatoes":117,"minecraft:deepslate_iron_ore":35,"minecraft:stripped_oak_log":5,"minecraft:stone":139,"minecraft:white_wool":6,"chisel:crude_vertical/oak_planks":1,"minecraft:glass_pane":1,"minecraft:dandelion":3,"minecraft:oak_fence":19,"minecraft:crafting_table":8,"minecraft:short_grass":79,"minecraft:lectern":133,"minecraft:tall_grass":41,"minecraft:copper_ore":1,"minecraft:lapis_ore":3,"minecraft:diorite":1,"minecraft:spruce_stairs":2,"minecraft:cobblestone_wall":2,"minecraft:redstone_torch":1,"minecraft:white_carpet":10,"minecraft:spruce_log":5,"minecraft:birch_leaves":1,"minecraft:yellow_bed":1,"minecraft:coal_ore":97,"minecraft:gravel":23},"minecraft:broken":{"minecraft:leather_leggings":1,"minecraft:stone_pickaxe":1,"minecraft:stone_axe":1,"minecraft:iron_axe":3},"minecraft:picked_up":{"minecraft:iron_chestplate":7,"minecraft:wheat":30,"minecraft:flower_pot":3,"minecraft:sentry_armor_trim_smithing_template":2,"minecraft:oak_stairs":5,"minecraft:enchanted_book":2,"minecraft:brewing_stand":3,"minecraft:string":37,"minecraft:dark_oak_trapdoor":2,"minecraft:raw_copper":9,"minecraft:smooth_stone_slab":11,"minecraft:iron_leggings":4,"minecraft:beetroot":2,"minecraft:smooth_stone":54,"minecraft:gold_nugget":12,"minecraft:cobbled_deepslate":125,"minecraft:redstone_torch":3,"minecraft:iron_pickaxe":5,"minecraft:iron_boots":7,"minecraft:furnace":2,"minecraft:stick":211,"minecraft:composter":2,"minecraft:oak_fence":34,"minecraft:torch":108,"minecraft:spruce_stairs":4,"minecraft:porkchop":24,"minecraft:diorite":1,"minecraft:cauldron":3,"minecraft:cactus":2,"minecraft:rotten_flesh":76,"minecraft:cobblestone":167,"minecraft:birch_log":26,"minecraft:feather":12,"minecraft:cooked_beef":1,"minecraft:andesite":20,"minecraft:smoker":1,"minecraft:potato":377,"minecraft:flint":1,"minecraft:dirt":208,"minecraft:lapis_lazuli":236,"minecraft:leather_boots":1,"minecraft:bone":50,"minecraft:bow":1,"minecraft:wheat_seeds":203,"minecraft:raw_gold":22,"minecraft:grindstone":2,"minecraft:fletching_table":3,"minecraft:oak_planks":193,"minecraft:stone_hoe":2,"minecraft:cooked_porkchop":56,"minecraft:poisonous_potato":1,"minecraft:oak_pressure_plate":1,"minecraft:sand":17,"minecraft:fermented_spider_eye":2,"minecraft:sugar":10,"minecraft:yellow_carpet":4,"chisel:chisel":2,"minecraft:diamond":43,"minecraft:lever":2,"minecraft:granite":33,"minecraft:bone_meal":22,"minecraft:golden_apple":2,"minecraft:bread":285,"minecraft:emerald":97,"minecraft:oak_sapling":254,"minecraft:bricks":3,"minecraft:diamond_pickaxe":4,"minecraft:crafting_table":11,"minecraft:azure_bluet":1,"minecraft:splash_potion":2,"minecraft:chicken":6,"minecraft:leather_leggings":1,"minecraft:brown_mushroom":2,"minecraft:shield":6,"minecraft:oak_trapdoor":3,"minecraft:iron_axe":7,"minecraft:red_bed":3,"minecraft:white_carpet":19,"minecraft:iron_shovel":1,"minecraft:beef":9,"minecraft:oak_boat":5,"minecraft:poppy":4,"minecraft:spruce_slab":2,"minecraft:lectern":135,"minecraft:sugar_cane":154,"minecraft:chest":3,"minecraft:birch_sapling":21,"minecraft:piston":2,"minecraft:cherry_trapdoor":3,"minecraft:egg":6,"minecraft:raw_iron":161,"minecraft:oak_door":6,"chisel:crude_vertical/oak_planks":2,"minecraft:carrot":392,"minecraft:redstone":112,"minecraft:dark_oak_planks":3,"minecraft:arrow":50,"minecraft:stone_shovel":3,"minecraft:beetroot_seeds":11,"minecraft:pumpkin_pie":38,"minecraft:hay_block":68,"minecraft:gold_ingot":11,"minecraft:mutton":10,"minecraft:white_wool":19,"minecraft:stripped_oak_log":7,"minecraft:glow_ink_sac":2,"minecraft:leather":2,"minecraft:oak_log":572,"minecraft:cobblestone_wall":2,"minecraft:gunpowder":13,"minecraft:yellow_bed":3,"minecraft:cobblestone_stairs":3,"minecraft:paper":12,"minecraft:cooked_mutton":5,"minecraft:red_carpet":6,"minecraft:apple":93,"minecraft:oak_fence_gate":5,"minecraft:iron_ingot":238,"minecraft:stone_pickaxe":5,"minecraft:cooked_chicken":3,"minecraft:book":13,"minecraft:oak_slab":42,"minecraft:smooth_basalt":2,"minecraft:dandelion":19,"minecraft:gravel":26,"minecraft:blast_furnace":2,"minecraft:white_bed":7,"minecraft:spruce_log":6,"minecraft:spider_eye":5,"minecraft:slime_ball":16,"minecraft:stone_axe":5,"minecraft:iron_helmet":4,"minecraft:diamond_axe":3,"minecraft:baked_potato":86,"minecraft:coal":207},"minecraft:used":{"minecraft:iron_shovel":70,"minecraft:chest":17,"minecraft:shield":89,"minecraft:carrot":118,"minecraft:birch_sapling":17,"chisel:crude_paneling/oak_planks":1,"minecraft:bow":6,"minecraft:oak_sapling":192,"minecraft:furnace":3,"minecraft:egg":3,"minecraft:potato":166,"minecraft:stone_pickaxe":168,"minecraft:oak_planks":7,"minecraft:diamond_axe":456,"minecraft:sugar_cane":68,"minecraft:dark_oak_trapdoor":2,"minecraft:sand":1,"minecraft:bread":52,"minecraft:lectern":134,"minecraft:gravel":5,"minecraft:andesite":6,"minecraft:smooth_stone_slab":1,"minecraft:oak_boat":2,"minecraft:bone_meal":14,"minecraft:oak_trapdoor":5,"minecraft:oak_fence":3,"minecraft:stone_shovel":26,"minecraft:stone_hoe":32,"minecraft:cooked_chicken":4,"minecraft:torch":86,"minecraft:brewing_stand":1,"minecraft:dirt":135,"minecraft:oak_fence_gate":3,"minecraft:iron_hoe":132,"minecraft:dark_oak_planks":3,"minecraft:bookshelf":3,"minecraft:iron_axe":625,"minecraft:oak_stairs":1,"minecraft:cherry_trapdoor":1,"minecraft:cooked_beef":3,"minecraft:cobbled_deepslate":33,"minecraft:wheat_seeds":2,"minecraft:cooked_mutton":5,"minecraft:water_bucket":6,"minecraft:baked_potato":1,"chisel:crude_vertical/oak_planks":1,"minecraft:fletching_table":1,"minecraft:oak_slab":6,"minecraft:crafting_table":4,"minecraft:white_bed":3,"minecraft:oak_log":23,"minecraft:flower_pot":1,"minecraft:diamond_pickaxe":57,"minecraft:iron_pickaxe":264,"minecraft:stone_axe":201,"minecraft:cobblestone":36,"minecraft:cooked_porkchop":32,"minecraft:bucket":7,"minecraft:stripped_oak_log":2,"minecraft:splash_potion":1},"minecraft:crafted":{"minecraft:oak_planks":1996,"minecraft:smooth_stone":18,"minecraft:cooked_chicken":4,"minecraft:stone":18,"minecraft:bookshelf":6,"minecraft:cooked_mutton":5,"minecraft:iron_boots":2,"minecraft:chest":14,"minecraft:stone_hoe":1,"minecraft:oak_slab":48,"minecraft:emerald":94,"minecraft:cooked_porkchop":24,"minecraft:crafting_table":1,"minecraft:spruce_planks":24,"minecraft:baked_potato":79,"minecraft:iron_helmet":7,"minecraft:lectern":2,"minecraft:book":2,"minecraft:iron_chestplate":12,"minecraft:paper":12,"minecraft:diamond_pickaxe":1,"minecraft:shield":3,"minecraft:stick":3828,"minecraft:iron_ingot":192,"minecraft:iron_pickaxe":1,"minecraft:stone_shovel":1,"minecraft:furnace":3,"minecraft:piston":1,"minecraft:bone_meal":36,"minecraft:oak_trapdoor":4,"minecraft:iron_axe":2,"minecraft:iron_hoe":1,"minecraft:stone_pickaxe":3,"minecraft:wheat":306,"minecraft:cooked_beef":9,"minecraft:bucket":1,"minecraft:stone_axe":2,"minecraft:enchanted_book":3,"minecraft:bread":198,"minecraft:air":0,"minecraft:oak_boat":1,"minecraft:iron_shovel":1,"minecraft:iron_leggings":2,"minecraft:torch":60},"minecraft:killed":{"minecraft:witch":1,"minecraft:spider":8,"minecraft:skeleton":10,"minecraft:chicken":5,"minecraft:pig":8,"minecraft:iron_golem":1,"minecraft:creeper":6,"minecraft:sheep":4,"minecraft:pillager":3,"minecraft:zombie":48,"minecraft:cow":5,"minecraft:slime":8,"minecraft:bat":1,"minecraft:villager":1}},"DataVersion":3839}