{"stats":{"minecraft:killed_by":{"minecraft:creeper":1,"minecraft:drowned":2,"minecraft:piglin":3,"minecraft:zombie":1,"minecraft:skeleton":4},"minecraft:custom":{"minecraft:interact_with_crafting_table":84,"minecraft:bell_ring":14,"minecraft:leave_game":2,"minecraft:time_since_death":241704,"minecraft:sprint_one_cm":844927,"minecraft:damage_blocked_by_shield":60,"minecraft:drop":299,"minecraft:talked_to_villager":2,"minecraft:play_time":702035,"minecraft:deaths":12,"minecraft:jump":8470,"minecraft:walk_on_water_one_cm":118181,"minecraft:interact_with_furnace":115,"minecraft:sleep_in_bed":25,"minecraft:damage_dealt":14989,"minecraft:crouch_one_cm":162070,"minecraft:interact_with_smoker":13,"minecraft:horse_one_cm":65425,"minecraft:mob_kills":109,"minecraft:climb_one_cm":48,"minecraft:walk_one_cm":1257208,"minecraft:sneak_time":53189,"minecraft:walk_under_water_one_cm":67524,"minecraft:boat_one_cm":372723,"minecraft:interact_with_blast_furnace":1,"minecraft:total_world_time":702035,"minecraft:time_since_rest":241729,"minecraft:damage_taken":8071,"minecraft:swim_one_cm":212037,"minecraft:fly_one_cm":1421847,"minecraft:open_chest":111,"minecraft:fish_caught":121,"minecraft:fall_one_cm":195983},"minecraft:mined":{"minecraft:spruce_planks":1,"minecraft:attached_melon_stem":3,"minecraft:brewing_stand":1,"minecraft:obsidian":16,"minecraft:granite":56,"minecraft:acacia_log":216,"minecraft:grass_block":73,"minecraft:tall_seagrass":2,"minecraft:magma_block":1,"minecraft:glowstone":214,"minecraft:iron_ore":122,"minecraft:fire":21,"minecraft:deepslate_lapis_ore":45,"minecraft:pointed_dripstone":1,"minecraft:deepslate_redstone_ore":9,"minecraft:brown_mushroom":1,"minecraft:red_bed":1,"minecraft:blackstone":17,"minecraft:kelp_plant":1,"minecraft:melon_stem":5,"minecraft:smoker":2,"minecraft:torch":15,"minecraft:melon":14,"minecraft:chest":2,"minecraft:nether_quartz_ore":735,"minecraft:cobblestone":18,"minecraft:sugar_cane":40,"minecraft:oak_planks":2,"minecraft:wall_torch":20,"minecraft:wheat":146,"minecraft:oak_log":5,"minecraft:beetroots":2,"minecraft:acacia_fence":2,"minecraft:sand":5,"minecraft:dirt":44,"minecraft:netherrack":945,"minecraft:oak_leaves":29,"minecraft:deepslate":742,"minecraft:yellow_terracotta":5,"minecraft:nether_gold_ore":111,"minecraft:red_carpet":1,"minecraft:tuff":97,"minecraft:deepslate_diamond_ore":105,"minecraft:spruce_leaves":19,"minecraft:large_fern":7,"minecraft:redstone_ore":4,"minecraft:furnace":9,"minecraft:acacia_wood":1,"minecraft:andesite":68,"minecraft:bookshelf":2,"minecraft:deepslate_iron_ore":106,"minecraft:stone":394,"minecraft:acacia_leaves":38,"minecraft:basalt":104,"minecraft:dandelion":1,"minecraft:cobbled_deepslate_wall":4,"minecraft:crafting_table":13,"minecraft:cornflower":2,"minecraft:short_grass":111,"minecraft:tall_grass":20,"minecraft:copper_ore":3,"minecraft:deepslate_coal_ore":2,"minecraft:lapis_ore":6,"minecraft:deepslate_gold_ore":59,"minecraft:diorite":49,"minecraft:blue_bed":3,"minecraft:purple_bed":15,"minecraft:sweet_berry_bush":6,"minecraft:spruce_log":141,"minecraft:birch_leaves":6,"minecraft:coal_ore":129,"minecraft:dripstone_block":9,"minecraft:gravel":39,"minecraft:acacia_planks":17,"minecraft:fern":3},"minecraft:killed":{"minecraft:spider":10,"minecraft:skeleton":12,"minecraft:chicken":4,"minecraft:magma_cube":13,"minecraft:pig":6,"minecraft:zombie_villager":1,"minecraft:salmon":9,"minecraft:creeper":4,"minecraft:sheep":5,"minecraft:zombie":26,"minecraft:cow":3,"minecraft:armadillo":1,"minecraft:drowned":11,"minecraft:enderman":1},"minecraft:dropped":{"minecraft:acacia_boat":1,"minecraft:iron_sword":3,"minecraft:acacia_wood":1,"minecraft:diamond_axe":2,"minecraft:lapis_lazuli":384,"minecraft:cooked_porkchop":6,"minecraft:leather":2,"minecraft:cod":4,"minecraft:flint":2,"minecraft:dirt":11,"minecraft:cornflower":1,"minecraft:cooked_cod":120,"minecraft:gold_nugget":4,"minecraft:wooden_sword":1,"minecraft:iron_pickaxe":2,"minecraft:fishing_rod":9,"minecraft:white_wool":1,"minecraft:blue_bed":2,"minecraft:bone":4,"minecraft:gravel":16,"minecraft:stone_axe":1,"minecraft:iron_nugget":2,"minecraft:cobbled_deepslate":1019,"minecraft:wheat":3,"minecraft:pointed_dripstone":6,"minecraft:rotten_flesh":9,"minecraft:oak_planks":13,"minecraft:glowstone_dust":5,"minecraft:melon_seeds":2,"minecraft:acacia_sapling":6,"minecraft:arrow":16,"minecraft:quartz":9,"minecraft:enchanted_book":8,"minecraft:iron_ingot":8,"minecraft:bread":2,"minecraft:wheat_seeds":373,"minecraft:cobbled_deepslate_wall":4,"minecraft:feather":5,"minecraft:iron_helmet":4,"minecraft:cobblestone":3,"minecraft:lead":2,"minecraft:copper_ingot":1,"minecraft:acacia_log":182,"minecraft:coal":13,"minecraft:stick":32,"minecraft:pufferfish":63,"minecraft:diorite":2,"minecraft:torch":22,"minecraft:cooked_salmon":71,"minecraft:potion":3,"minecraft:iron_leggings":4,"minecraft:lily_pad":2,"minecraft:bucket":1,"minecraft:acacia_planks":811,"minecraft:spruce_sapling":2,"minecraft:furnace":8,"minecraft:kelp":3,"minecraft:stone_sword":5,"minecraft:bowl":2,"minecraft:tuff":55,"minecraft:raw_iron":4,"minecraft:clay_ball":3,"minecraft:iron_boots":3,"minecraft:smoker":1,"minecraft:shield":2,"minecraft:spruce_planks":7,"minecraft:diamond_pickaxe":1,"minecraft:iron_chestplate":2,"minecraft:andesite":5,"minecraft:purple_bed":4,"minecraft:spruce_log":94,"minecraft:stone_pickaxe":4,"minecraft:bow":9,"minecraft:nautilus_shell":1},"minecraft:crafted":{"minecraft:oak_planks":16,"minecraft:cooked_chicken":2,"minecraft:cooked_mutton":4,"minecraft:quartz_block":164,"minecraft:iron_boots":2,"minecraft:chest":6,"minecraft:acacia_fence":33,"minecraft:golden_boots":1,"minecraft:smoker":1,"minecraft:cooked_porkchop":6,"minecraft:diamond_axe":1,"minecraft:crafting_table":13,"minecraft:spruce_planks":108,"minecraft:iron_helmet":2,"minecraft:cobbled_deepslate_wall":12,"minecraft:iron_chestplate":2,"minecraft:paper":36,"minecraft:diamond_pickaxe":3,"minecraft:shield":2,"minecraft:stick":88,"minecraft:iron_ingot":209,"minecraft:iron_pickaxe":4,"minecraft:stone_sword":2,"minecraft:gold_ingot":97,"minecraft:fishing_rod":2,"minecraft:furnace":5,"minecraft:acacia_fence_gate":2,"minecraft:flint_and_steel":1,"minecraft:iron_axe":1,"minecraft:stone_pickaxe":3,"minecraft:spruce_boat":1,"minecraft:cooked_cod":50,"minecraft:iron_sword":3,"minecraft:cooked_salmon":6,"minecraft:stone_axe":1,"minecraft:glowstone":146,"minecraft:acacia_boat":3,"minecraft:bread":63,"minecraft:air":0,"minecraft:golden_apple":8,"minecraft:iron_shovel":1,"minecraft:iron_leggings":3,"minecraft:acacia_planks":498,"minecraft:torch":4},"minecraft:used":{"minecraft:beetroot":2,"minecraft:iron_shovel":104,"minecraft:chest":8,"minecraft:shield":1,"minecraft:iron_sword":229,"minecraft:rotten_flesh":6,"minecraft:tuff":23,"minecraft:obsidian":28,"minecraft:spruce_boat":2,"minecraft:lava_bucket":4,"minecraft:iron_helmet":3,"minecraft:red_carpet":1,"minecraft:magma_block":1,"minecraft:sweet_berries":13,"minecraft:furnace":10,"minecraft:cooked_cod":48,"minecraft:acacia_fence":26,"minecraft:egg":3,"minecraft:diorite":4,"minecraft:stone_pickaxe":212,"minecraft:oak_planks":9,"minecraft:blackstone":4,"minecraft:diamond_axe":352,"minecraft:sugar_cane":6,"minecraft:bread":13,"minecraft:melon_slice":15,"minecraft:gravel":7,"minecraft:wooden_sword":10,"minecraft:andesite":18,"minecraft:stone_sword":62,"minecraft:flint_and_steel":4,"minecraft:spruce_planks":3,"minecraft:cooked_chicken":2,"minecraft:cooked_salmon":19,"minecraft:netherrack":578,"minecraft:torch":41,"minecraft:dirt":107,"minecraft:iron_axe":3,"minecraft:melon_seeds":13,"minecraft:basalt":41,"minecraft:acacia_wood":1,"minecraft:acacia_planks":51,"minecraft:iron_leggings":1,"minecraft:pointed_dripstone":1,"minecraft:cobbled_deepslate_wall":12,"minecraft:wheat_seeds":137,"minecraft:acacia_boat":4,"minecraft:water_bucket":6,"minecraft:crafting_table":24,"minecraft:red_bed":1,"minecraft:smoker":1,"minecraft:spruce_log":4,"minecraft:oak_log":1,"minecraft:diamond_pickaxe":2871,"minecraft:chicken":2,"minecraft:iron_pickaxe":994,"minecraft:spruce_sapling":2,"minecraft:acacia_fence_gate":2,"minecraft:stone_axe":76,"minecraft:fishing_rod":176,"minecraft:cobblestone":135,"minecraft:purple_bed":13,"minecraft:cooked_porkchop":9,"minecraft:porkchop":3,"minecraft:bucket":10},"minecraft:broken":{"minecraft:stone_pickaxe":3,"minecraft:diamond_pickaxe":1,"minecraft:wooden_sword":1,"minecraft:iron_pickaxe":4},"minecraft:picked_up":{"minecraft:iron_chestplate":7,"minecraft:wheat":192,"minecraft:lead":9,"minecraft:potion":3,"minecraft:enchanted_book":8,"minecraft:brewing_stand":4,"minecraft:string":38,"minecraft:cooked_salmon":120,"minecraft:iron_leggings":9,"minecraft:pufferfish":63,"minecraft:beetroot":2,"minecraft:gold_nugget":447,"minecraft:cobbled_deepslate":1182,"minecraft:bucket":1,"minecraft:spruce_planks":28,"minecraft:iron_pickaxe":5,"minecraft:melon_slice":244,"minecraft:furnace":16,"minecraft:iron_boots":8,"minecraft:stick":34,"minecraft:acacia_fence":11,"minecraft:torch":92,"minecraft:acacia_log":396,"minecraft:porkchop":33,"minecraft:pointed_dripstone":7,"minecraft:diorite":10,"minecraft:stone_sword":6,"minecraft:rotten_flesh":42,"minecraft:tropical_fish":6,"minecraft:glowstone":28,"minecraft:obsidian":28,"minecraft:cod":66,"minecraft:cobblestone":573,"minecraft:nautilus_shell":1,"minecraft:magma_block":1,"minecraft:feather":5,"minecraft:magma_cream":1,"minecraft:water_bucket":3,"minecraft:andesite":35,"minecraft:smoker":2,"minecraft:flint":3,"minecraft:tuff":176,"minecraft:acacia_boat":4,"minecraft:lapis_lazuli":629,"minecraft:dirt":175,"minecraft:name_tag":3,"minecraft:leather_boots":1,"minecraft:bone":62,"minecraft:acacia_planks":926,"minecraft:bow":10,"minecraft:cobbled_deepslate_wall":4,"minecraft:wheat_seeds":454,"minecraft:raw_gold":64,"minecraft:glowstone_dust":594,"minecraft:oak_planks":20,"minecraft:cooked_porkchop":20,"minecraft:sand":6,"minecraft:spruce_boat":1,"minecraft:diamond":105,"minecraft:granite":46,"minecraft:bone_meal":3,"minecraft:golden_apple":4,"minecraft:bread":124,"minecraft:emerald":3,"minecraft:netherrack":877,"minecraft:diamond_pickaxe":8,"minecraft:fishing_rod":13,"minecraft:crafting_table":15,"minecraft:chicken":11,"minecraft:clay_ball":3,"minecraft:brown_mushroom":3,"minecraft:shield":1,"minecraft:cornflower":5,"minecraft:iron_axe":3,"minecraft:red_bed":1,"minecraft:wooden_sword":2,"minecraft:flint_and_steel":3,"minecraft:iron_shovel":3,"minecraft:blackstone":43,"minecraft:beef":13,"minecraft:iron_nugget":1,"minecraft:sugar_cane":100,"minecraft:chest":2,"minecraft:egg":3,"minecraft:raw_iron":342,"minecraft:copper_ingot":1,"minecraft:bowl":2,"minecraft:redstone":61,"minecraft:arrow":37,"minecraft:cooked_cod":152,"minecraft:saddle":3,"minecraft:gold_ingot":30,"minecraft:mutton":8,"minecraft:white_wool":6,"minecraft:basalt":283,"minecraft:salmon":53,"minecraft:leather":22,"minecraft:red_mushroom":1,"minecraft:acacia_wood":2,"minecraft:oak_log":5,"minecraft:lily_pad":8,"minecraft:golden_boots":1,"minecraft:gunpowder":91,"minecraft:blue_bed":5,"minecraft:red_carpet":1,"minecraft:coast_armor_trim_smithing_template":6,"minecraft:apple":30,"minecraft:kelp":4,"minecraft:iron_ingot":70,"minecraft:stone_pickaxe":8,"minecraft:cooked_chicken":6,"minecraft:acacia_sapling":6,"minecraft:iron_sword":7,"minecraft:book":6,"minecraft:sweet_berries":15,"minecraft:quartz":728,"minecraft:dripstone_block":15,"minecraft:gravel":23,"minecraft:spruce_sapling":4,"minecraft:spruce_log":294,"minecraft:spider_eye":1,"minecraft:purple_bed":18,"minecraft:iron_helmet":10,"minecraft:diamond_axe":5,"minecraft:melon_seeds":15,"minecraft:coal":527}},"DataVersion":3839}