{"stats":{"minecraft:picked_up":{"minecraft:iron_chestplate":8,"minecraft:wheat":417,"minecraft:nether_brick_fence":7,"minecraft:lead":11,"minecraft:potion":3,"minecraft:enchanted_book":8,"minecraft:brewing_stand":4,"minecraft:string":39,"minecraft:cooked_salmon":120,"minecraft:iron_leggings":10,"minecraft:pufferfish":63,"minecraft:beetroot":2,"minecraft:gold_nugget":523,"minecraft:cobbled_deepslate":1192,"minecraft:bucket":1,"minecraft:spruce_planks":28,"minecraft:iron_pickaxe":6,"minecraft:melon_slice":250,"minecraft:furnace":16,"minecraft:iron_boots":9,"minecraft:golden_helmet":1,"minecraft:stick":40,"minecraft:acacia_fence":13,"minecraft:oak_fence":2,"minecraft:torch":127,"minecraft:acacia_log":396,"minecraft:porkchop":54,"minecraft:pointed_dripstone":7,"minecraft:diorite":10,"minecraft:quartz_block":56,"minecraft:stone_sword":6,"minecraft:rotten_flesh":42,"minecraft:tropical_fish":6,"minecraft:blackstone_wall":7,"minecraft:glowstone":124,"minecraft:blaze_rod":13,"minecraft:obsidian":28,"minecraft:blaze_powder":10,"minecraft:cod":66,"minecraft:cobblestone":754,"minecraft:nautilus_shell":1,"minecraft:magma_block":1,"minecraft:lilac":1,"minecraft:feather":5,"minecraft:magma_cream":1,"minecraft:water_bucket":3,"minecraft:andesite":35,"minecraft:smoker":2,"minecraft:flint":3,"minecraft:tuff":197,"minecraft:acacia_boat":4,"minecraft:lantern":1,"minecraft:lapis_lazuli":672,"minecraft:dirt":369,"minecraft:name_tag":3,"minecraft:leather_boots":1,"minecraft:bone":94,"minecraft:acacia_planks":928,"minecraft:bow":10,"minecraft:wheat_seeds":1175,"minecraft:cobbled_deepslate_wall":4,"minecraft:raw_gold":64,"minecraft:light_blue_dye":1,"minecraft:glowstone_dust":685,"minecraft:oak_planks":24,"minecraft:cooked_porkchop":20,"minecraft:sand":239,"minecraft:diamond":105,"minecraft:spruce_boat":1,"minecraft:crossbow":2,"minecraft:granite":46,"minecraft:bone_meal":3,"minecraft:golden_apple":4,"minecraft:emerald":3,"minecraft:bread":127,"minecraft:oak_sapling":1,"minecraft:netherrack":1465,"minecraft:diamond_pickaxe":9,"minecraft:fishing_rod":13,"minecraft:crafting_table":20,"minecraft:azure_bluet":1,"minecraft:chicken":11,"minecraft:clay_ball":3,"minecraft:brown_mushroom":54,"minecraft:shield":1,"minecraft:cornflower":5,"minecraft:red_bed":1,"minecraft:iron_axe":4,"minecraft:wooden_sword":2,"minecraft:flint_and_steel":3,"minecraft:iron_shovel":3,"minecraft:blackstone":43,"minecraft:blue_orchid":1,"minecraft:glass_pane":128,"minecraft:beef":84,"minecraft:iron_nugget":1,"minecraft:chest":2,"minecraft:sugar_cane":371,"minecraft:egg":6,"minecraft:raw_iron":342,"minecraft:sandstone":4,"minecraft:copper_ingot":1,"minecraft:bowl":2,"minecraft:redstone":61,"minecraft:arrow":37,"minecraft:cooked_cod":152,"minecraft:nether_bricks":97,"minecraft:hay_block":2,"minecraft:saddle":3,"minecraft:gold_ingot":30,"minecraft:mutton":8,"minecraft:white_wool":6,"minecraft:oxeye_daisy":1,"minecraft:basalt":284,"minecraft:salmon":53,"minecraft:leather":80,"minecraft:red_mushroom":10,"minecraft:acacia_wood":2,"minecraft:lily_pad":9,"minecraft:oak_log":33,"minecraft:golden_boots":1,"minecraft:gunpowder":91,"minecraft:blue_bed":5,"minecraft:paper":18,"minecraft:white_banner":1,"minecraft:coast_armor_trim_smithing_template":6,"minecraft:red_carpet":1,"minecraft:apple":30,"minecraft:kelp":4,"minecraft:iron_ingot":70,"minecraft:stone_pickaxe":8,"minecraft:cooked_chicken":6,"minecraft:iron_sword":8,"minecraft:acacia_sapling":6,"minecraft:book":11,"minecraft:sweet_berries":15,"minecraft:quartz":814,"minecraft:dandelion":1,"minecraft:dripstone_block":15,"minecraft:gravel":23,"minecraft:spruce_sapling":4,"minecraft:spruce_log":294,"minecraft:spider_eye":3,"minecraft:purple_bed":18,"minecraft:iron_helmet":11,"minecraft:diamond_axe":5,"minecraft:baked_potato":107,"minecraft:melon_seeds":35,"minecraft:coal":527},"minecraft:crafted":{"minecraft:oak_planks":48,"minecraft:blaze_powder":26,"minecraft:cooked_chicken":2,"minecraft:diamond_shovel":1,"minecraft:cooked_mutton":4,"minecraft:quartz_block":191,"minecraft:glass":156,"minecraft:iron_boots":4,"minecraft:blackstone_wall":6,"minecraft:chest":6,"minecraft:acacia_fence":33,"minecraft:oak_fence":9,"minecraft:golden_boots":1,"minecraft:smoker":1,"minecraft:cooked_porkchop":6,"minecraft:diamond_axe":1,"minecraft:crafting_table":15,"minecraft:spruce_planks":108,"minecraft:iron_helmet":4,"minecraft:cobbled_deepslate_wall":12,"minecraft:book":9,"minecraft:iron_chestplate":4,"minecraft:paper":117,"minecraft:diamond_pickaxe":5,"minecraft:shield":2,"minecraft:stick":96,"minecraft:light_blue_dye":1,"minecraft:iron_ingot":209,"minecraft:iron_pickaxe":5,"minecraft:stone_sword":2,"minecraft:gold_ingot":107,"minecraft:light_gray_dye":1,"minecraft:fishing_rod":2,"minecraft:iron_nugget":9,"minecraft:furnace":9,"minecraft:acacia_fence_gate":2,"minecraft:bone_meal":21,"minecraft:glass_pane":416,"minecraft:flint_and_steel":1,"minecraft:lantern":1,"minecraft:iron_axe":2,"minecraft:stone_pickaxe":3,"minecraft:spruce_boat":1,"minecraft:wheat":18,"minecraft:cooked_cod":50,"minecraft:iron_sword":4,"minecraft:cooked_salmon":6,"minecraft:stone_axe":1,"minecraft:glowstone":167,"minecraft:acacia_boat":3,"minecraft:bread":144,"minecraft:air":0,"minecraft:golden_apple":8,"minecraft:iron_shovel":2,"minecraft:iron_leggings":5,"minecraft:acacia_planks":498,"minecraft:torch":4},"minecraft:mined":{"minecraft:spruce_planks":1,"minecraft:attached_melon_stem":8,"minecraft:brewing_stand":1,"minecraft:obsidian":16,"minecraft:granite":56,"minecraft:acacia_log":216,"minecraft:grass_block":99,"minecraft:oxeye_daisy":1,"minecraft:tall_seagrass":2,"minecraft:magma_block":1,"minecraft:glowstone":243,"minecraft:iron_ore":122,"minecraft:cobbled_deepslate":13,"minecraft:fire":30,"minecraft:deepslate_lapis_ore":45,"minecraft:azure_bluet":1,"minecraft:pointed_dripstone":1,"minecraft:blue_orchid":2,"minecraft:deepslate_redstone_ore":9,"minecraft:brown_mushroom":47,"minecraft:red_bed":1,"minecraft:blackstone":17,"minecraft:kelp_plant":1,"minecraft:melon_stem":13,"minecraft:smoker":2,"minecraft:crimson_nylium":1,"minecraft:torch":28,"minecraft:melon":16,"minecraft:chest":2,"minecraft:nether_quartz_ore":808,"minecraft:cobblestone":81,"minecraft:sugar_cane":207,"minecraft:oak_planks":7,"minecraft:wall_torch":31,"minecraft:seagrass":2,"minecraft:wheat":392,"minecraft:lilac":1,"minecraft:oak_log":33,"minecraft:beetroots":2,"minecraft:acacia_fence":4,"minecraft:sand":240,"minecraft:dirt":215,"minecraft:netherrack":1407,"minecraft:oak_leaves":59,"minecraft:deepslate":742,"minecraft:yellow_terracotta":5,"minecraft:nether_gold_ore":130,"minecraft:red_carpet":1,"minecraft:tuff":129,"minecraft:deepslate_diamond_ore":105,"minecraft:blackstone_wall":7,"minecraft:nether_bricks":63,"minecraft:glow_lichen":2,"minecraft:spruce_leaves":19,"minecraft:sandstone":4,"minecraft:large_fern":7,"minecraft:hay_block":2,"minecraft:redstone_ore":4,"minecraft:furnace":9,"minecraft:acacia_wood":1,"minecraft:andesite":68,"minecraft:nether_brick_fence":7,"minecraft:bookshelf":2,"minecraft:deepslate_iron_ore":106,"minecraft:stone":525,"minecraft:acacia_leaves":38,"minecraft:basalt":106,"minecraft:dandelion":1,"minecraft:oak_fence":2,"minecraft:crafting_table":18,"minecraft:cobbled_deepslate_wall":4,"minecraft:cornflower":2,"minecraft:short_grass":189,"minecraft:tall_grass":24,"minecraft:copper_ore":3,"minecraft:deepslate_coal_ore":2,"minecraft:lapis_ore":12,"minecraft:deepslate_gold_ore":59,"minecraft:lily_pad":2,"minecraft:diorite":49,"minecraft:blue_bed":3,"minecraft:purple_bed":15,"minecraft:sweet_berry_bush":6,"minecraft:spruce_log":141,"minecraft:birch_leaves":6,"minecraft:white_wall_banner":1,"minecraft:coal_ore":129,"minecraft:gravel":39,"minecraft:dripstone_block":9,"minecraft:acacia_planks":19,"minecraft:fern":3},"minecraft:dropped":{"minecraft:acacia_boat":1,"minecraft:iron_sword":3,"minecraft:acacia_wood":1,"minecraft:diamond_axe":2,"minecraft:lapis_lazuli":384,"minecraft:cooked_porkchop":6,"minecraft:crossbow":2,"minecraft:leather":2,"minecraft:red_mushroom":1,"minecraft:cod":4,"minecraft:flint":2,"minecraft:dirt":11,"minecraft:cornflower":1,"minecraft:cooked_cod":120,"minecraft:wooden_sword":1,"minecraft:gold_nugget":12,"minecraft:iron_pickaxe":2,"minecraft:fishing_rod":9,"minecraft:white_wool":1,"minecraft:blue_bed":2,"minecraft:bone":4,"minecraft:gravel":16,"minecraft:stone_axe":1,"minecraft:iron_nugget":2,"minecraft:cobbled_deepslate":1019,"minecraft:wheat":3,"minecraft:pointed_dripstone":6,"minecraft:rotten_flesh":9,"minecraft:oak_planks":13,"minecraft:glowstone_dust":6,"minecraft:quartz_block":184,"minecraft:melon_seeds":19,"minecraft:glowstone":262,"minecraft:acacia_sapling":6,"minecraft:arrow":16,"minecraft:quartz":19,"minecraft:enchanted_book":8,"minecraft:iron_ingot":8,"minecraft:bread":15,"minecraft:wheat_seeds":689,"minecraft:cobbled_deepslate_wall":4,"minecraft:lead":2,"minecraft:iron_helmet":4,"minecraft:feather":5,"minecraft:cobblestone":48,"minecraft:copper_ingot":1,"minecraft:acacia_log":182,"minecraft:coal":13,"minecraft:stick":32,"minecraft:pufferfish":63,"minecraft:oxeye_daisy":1,"minecraft:diorite":2,"minecraft:torch":22,"minecraft:cooked_salmon":71,"minecraft:potion":3,"minecraft:iron_leggings":4,"minecraft:lily_pad":2,"minecraft:bucket":1,"minecraft:acacia_planks":811,"minecraft:spruce_sapling":2,"minecraft:furnace":8,"minecraft:kelp":3,"minecraft:stone_sword":5,"minecraft:bowl":2,"minecraft:tuff":55,"minecraft:raw_iron":4,"minecraft:clay_ball":3,"minecraft:iron_boots":3,"minecraft:smoker":1,"minecraft:glass_pane":128,"minecraft:shield":2,"minecraft:spruce_planks":7,"minecraft:iron_chestplate":2,"minecraft:diamond_pickaxe":2,"minecraft:andesite":5,"minecraft:purple_bed":4,"minecraft:spruce_log":94,"minecraft:bow":9,"minecraft:stone_pickaxe":4,"minecraft:nautilus_shell":1},"minecraft:broken":{"minecraft:stone_pickaxe":3,"minecraft:diamond_pickaxe":2,"minecraft:wooden_sword":1,"minecraft:iron_pickaxe":5,"minecraft:iron_helmet":1},"minecraft:custom":{"minecraft:animals_bred":1,"minecraft:interact_with_crafting_table":121,"minecraft:bell_ring":14,"minecraft:leave_game":6,"minecraft:time_since_death":44238,"minecraft:sprint_one_cm":1504992,"minecraft:damage_blocked_by_shield":60,"minecraft:drop":340,"minecraft:talked_to_villager":2,"minecraft:play_time":944686,"minecraft:deaths":15,"minecraft:jump":14617,"minecraft:walk_on_water_one_cm":161693,"minecraft:interact_with_furnace":144,"minecraft:sleep_in_bed":32,"minecraft:damage_dealt":26223,"minecraft:crouch_one_cm":223346,"minecraft:interact_with_smoker":13,"minecraft:horse_one_cm":65425,"minecraft:mob_kills":195,"minecraft:climb_one_cm":4925,"minecraft:walk_one_cm":1873953,"minecraft:sneak_time":74615,"minecraft:walk_under_water_one_cm":83488,"minecraft:boat_one_cm":400360,"minecraft:interact_with_blast_furnace":1,"minecraft:total_world_time":944686,"minecraft:time_since_rest":17830,"minecraft:damage_taken":11355,"minecraft:swim_one_cm":344504,"minecraft:fly_one_cm":2784681,"minecraft:open_chest":148,"minecraft:fish_caught":121,"minecraft:fall_one_cm":335088},"minecraft:killed_by":{"minecraft:creeper":1,"minecraft:drowned":3,"minecraft:piglin":3,"minecraft:blaze":1,"minecraft:zombie":1,"minecraft:skeleton":4},"minecraft:killed":{"minecraft:spider":11,"minecraft:skeleton":12,"minecraft:chicken":4,"minecraft:magma_cube":13,"minecraft:pig":14,"minecraft:zombie_villager":1,"minecraft:salmon":10,"minecraft:creeper":4,"minecraft:sheep":5,"minecraft:trader_llama":2,"minecraft:pillager":11,"minecraft:zombie":26,"minecraft:blaze":4,"minecraft:cow":37,"minecraft:armadillo":1,"minecraft:horse":4,"minecraft:drowned":11,"minecraft:wandering_trader":1,"minecraft:enderman":1},"minecraft:used":{"minecraft:beetroot":2,"minecraft:nether_brick_fence":3,"minecraft:iron_shovel":258,"minecraft:chest":8,"minecraft:shield":1,"minecraft:iron_sword":415,"minecraft:rotten_flesh":6,"minecraft:nether_bricks":68,"minecraft:tuff":34,"minecraft:obsidian":28,"minecraft:spruce_boat":2,"minecraft:lava_bucket":4,"minecraft:lantern":2,"minecraft:iron_helmet":3,"minecraft:red_carpet":1,"minecraft:magma_block":1,"minecraft:sweet_berries":13,"minecraft:furnace":14,"minecraft:cooked_cod":49,"minecraft:acacia_fence":27,"minecraft:egg":4,"minecraft:diorite":4,"minecraft:oak_planks":14,"minecraft:stone_pickaxe":212,"minecraft:blackstone":4,"minecraft:sugar_cane":68,"minecraft:diamond_axe":352,"minecraft:sand":5,"minecraft:blackstone_wall":7,"minecraft:melon_slice":16,"minecraft:bread":69,"minecraft:gravel":7,"minecraft:wooden_sword":10,"minecraft:andesite":18,"minecraft:oak_fence":7,"minecraft:enchanting_table":1,"minecraft:stone_sword":62,"minecraft:flint_and_steel":4,"minecraft:spruce_planks":3,"minecraft:cooked_salmon":24,"minecraft:cooked_chicken":2,"minecraft:netherrack":1075,"minecraft:torch":73,"minecraft:dirt":213,"minecraft:iron_axe":82,"minecraft:melon_seeds":14,"minecraft:basalt":41,"minecraft:glowstone":1,"minecraft:acacia_wood":1,"minecraft:cobbled_deepslate":3,"minecraft:acacia_planks":51,"minecraft:pointed_dripstone":1,"minecraft:iron_leggings":1,"minecraft:cobbled_deepslate_wall":12,"minecraft:wheat_seeds":404,"minecraft:acacia_boat":4,"minecraft:water_bucket":6,"minecraft:baked_potato":9,"minecraft:crafting_table":31,"minecraft:red_bed":1,"minecraft:spruce_log":4,"minecraft:smoker":1,"minecraft:oak_log":1,"minecraft:diamond_pickaxe":3547,"minecraft:diamond_shovel":235,"minecraft:chicken":2,"minecraft:iron_pickaxe":1244,"minecraft:spruce_sapling":2,"minecraft:acacia_fence_gate":2,"minecraft:stone_axe":76,"minecraft:fishing_rod":176,"minecraft:cobblestone":139,"minecraft:purple_bed":13,"minecraft:porkchop":3,"minecraft:cooked_porkchop":9,"minecraft:bucket":10,"minecraft:glass_pane":303}},"DataVersion":3839}