{"stats":{"minecraft:broken":{"minecraft:stone_pickaxe":3,"minecraft:wooden_sword":1,"minecraft:iron_pickaxe":3},"minecraft:custom":{"minecraft:mob_kills":93,"minecraft:interact_with_crafting_table":69,"minecraft:bell_ring":14,"minecraft:leave_game":2,"minecraft:time_since_death":60821,"minecraft:climb_one_cm":48,"minecraft:sprint_one_cm":655569,"minecraft:walk_one_cm":938758,"minecraft:damage_blocked_by_shield":60,"minecraft:drop":237,"minecraft:play_time":378136,"minecraft:deaths":8,"minecraft:sneak_time":16074,"minecraft:walk_under_water_one_cm":54874,"minecraft:boat_one_cm":342438,"minecraft:jump":6142,"minecraft:interact_with_blast_furnace":1,"minecraft:walk_on_water_one_cm":101225,"minecraft:total_world_time":378136,"minecraft:interact_with_furnace":104,"minecraft:sleep_in_bed":18,"minecraft:time_since_rest":6935,"minecraft:damage_taken":5996,"minecraft:damage_dealt":14144,"minecraft:swim_one_cm":165137,"minecraft:fly_one_cm":999292,"minecraft:open_chest":85,"minecraft:crouch_one_cm":38694,"minecraft:interact_with_smoker":13,"minecraft:fish_caught":121,"minecraft:fall_one_cm":147888,"minecraft:horse_one_cm":65425},"minecraft:killed":{"minecraft:armadillo":1,"minecraft:spider":10,"minecraft:skeleton":10,"minecraft:chicken":4,"minecraft:drowned":11,"minecraft:pig":6,"minecraft:zombie_villager":1,"minecraft:salmon":9,"minecraft:creeper":4,"minecraft:sheep":5,"minecraft:zombie":26,"minecraft:enderman":1,"minecraft:cow":3},"minecraft:mined":{"minecraft:yellow_terracotta":5,"minecraft:attached_melon_stem":3,"minecraft:red_carpet":1,"minecraft:tuff":97,"minecraft:spruce_planks":1,"minecraft:deepslate_diamond_ore":105,"minecraft:brewing_stand":1,"minecraft:granite":56,"minecraft:acacia_log":174,"minecraft:grass_block":73,"minecraft:spruce_leaves":19,"minecraft:large_fern":7,"minecraft:tall_seagrass":2,"minecraft:redstone_ore":4,"minecraft:furnace":9,"minecraft:iron_ore":122,"minecraft:acacia_wood":1,"minecraft:andesite":68,"minecraft:deepslate_lapis_ore":45,"minecraft:pointed_dripstone":1,"minecraft:bookshelf":2,"minecraft:deepslate_iron_ore":106,"minecraft:stone":394,"minecraft:deepslate_redstone_ore":9,"minecraft:acacia_leaves":32,"minecraft:melon_stem":5,"minecraft:kelp_plant":1,"minecraft:smoker":2,"minecraft:dandelion":1,"minecraft:crafting_table":9,"minecraft:cornflower":2,"minecraft:torch":12,"minecraft:short_grass":104,"minecraft:melon":14,"minecraft:chest":2,"minecraft:tall_grass":15,"minecraft:copper_ore":3,"minecraft:cobblestone":18,"minecraft:deepslate_coal_ore":2,"minecraft:deepslate_gold_ore":59,"minecraft:lapis_ore":6,"minecraft:oak_planks":2,"minecraft:sugar_cane":40,"minecraft:diorite":49,"minecraft:wall_torch":17,"minecraft:blue_bed":3,"minecraft:purple_bed":15,"minecraft:wheat":146,"minecraft:sweet_berry_bush":6,"minecraft:spruce_log":141,"minecraft:birch_leaves":6,"minecraft:oak_log":5,"minecraft:coal_ore":129,"minecraft:beetroots":2,"minecraft:acacia_fence":2,"minecraft:dripstone_block":9,"minecraft:gravel":39,"minecraft:dirt":42,"minecraft:acacia_planks":7,"minecraft:oak_leaves":29,"minecraft:deepslate":742,"minecraft:fern":3},"minecraft:crafted":{"minecraft:oak_planks":16,"minecraft:fishing_rod":2,"minecraft:furnace":5,"minecraft:acacia_fence_gate":2,"minecraft:cooked_mutton":4,"minecraft:iron_boots":2,"minecraft:stone_pickaxe":3,"minecraft:chest":5,"minecraft:spruce_boat":1,"minecraft:acacia_fence":33,"minecraft:smoker":1,"minecraft:cooked_cod":50,"minecraft:diamond_axe":1,"minecraft:crafting_table":11,"minecraft:spruce_planks":108,"minecraft:iron_helmet":2,"minecraft:iron_sword":3,"minecraft:cooked_salmon":5,"minecraft:stone_axe":1,"minecraft:bread":63,"minecraft:acacia_boat":3,"minecraft:air":0,"minecraft:iron_chestplate":2,"minecraft:paper":36,"minecraft:diamond_pickaxe":1,"minecraft:shield":2,"minecraft:stick":76,"minecraft:iron_ingot":189,"minecraft:iron_pickaxe":4,"minecraft:stone_sword":2,"minecraft:iron_shovel":1,"minecraft:gold_ingot":50,"minecraft:iron_leggings":2,"minecraft:acacia_planks":498},"minecraft:used":{"minecraft:beetroot":2,"minecraft:stone_sword":62,"minecraft:iron_shovel":104,"minecraft:chest":7,"minecraft:spruce_planks":3,"minecraft:shield":1,"minecraft:iron_sword":207,"minecraft:cooked_salmon":17,"minecraft:rotten_flesh":6,"minecraft:torch":35,"minecraft:dirt":88,"minecraft:tuff":23,"minecraft:spruce_boat":2,"minecraft:iron_helmet":3,"minecraft:melon_seeds":13,"minecraft:red_carpet":1,"minecraft:sweet_berries":13,"minecraft:furnace":10,"minecraft:cooked_cod":47,"minecraft:acacia_wood":1,"minecraft:acacia_fence":26,"minecraft:egg":3,"minecraft:acacia_planks":12,"minecraft:pointed_dripstone":1,"minecraft:wheat_seeds":137,"minecraft:acacia_boat":4,"minecraft:diorite":4,"minecraft:oak_planks":9,"minecraft:stone_pickaxe":212,"minecraft:diamond_axe":288,"minecraft:sugar_cane":6,"minecraft:crafting_table":19,"minecraft:spruce_log":4,"minecraft:smoker":1,"minecraft:oak_log":1,"minecraft:diamond_pickaxe":962,"minecraft:melon_slice":15,"minecraft:chicken":2,"minecraft:bread":5,"minecraft:iron_pickaxe":944,"minecraft:spruce_sapling":2,"minecraft:gravel":7,"minecraft:acacia_fence_gate":2,"minecraft:stone_axe":76,"minecraft:fishing_rod":176,"minecraft:wooden_sword":10,"minecraft:cobblestone":135,"minecraft:purple_bed":13,"minecraft:porkchop":3,"minecraft:cooked_porkchop":3,"minecraft:andesite":18},"minecraft:killed_by":{"minecraft:drowned":2,"minecraft:skeleton":4,"minecraft:zombie":1},"minecraft:dropped":{"minecraft:bread":2,"minecraft:enchanted_book":8,"minecraft:iron_ingot":3,"minecraft:iron_sword":2,"minecraft:acacia_wood":1,"minecraft:wheat_seeds":177,"minecraft:diamond_axe":1,"minecraft:lapis_lazuli":128,"minecraft:cooked_porkchop":6,"minecraft:feather":5,"minecraft:iron_helmet":4,"minecraft:cobblestone":3,"minecraft:lead":2,"minecraft:leather":2,"minecraft:copper_ingot":1,"minecraft:acacia_log":4,"minecraft:coal":13,"minecraft:cod":4,"minecraft:flint":1,"minecraft:stick":28,"minecraft:pufferfish":63,"minecraft:dirt":11,"minecraft:diorite":2,"minecraft:torch":22,"minecraft:cornflower":1,"minecraft:cooked_cod":120,"minecraft:cooked_salmon":71,"minecraft:gold_nugget":4,"minecraft:potion":3,"minecraft:iron_leggings":3,"minecraft:wooden_sword":1,"minecraft:iron_pickaxe":2,"minecraft:bucket":1,"minecraft:fishing_rod":9,"minecraft:lily_pad":2,"minecraft:white_wool":1,"minecraft:blue_bed":2,"minecraft:spruce_sapling":2,"minecraft:gravel":16,"minecraft:furnace":8,"minecraft:stone_axe":1,"minecraft:kelp":3,"minecraft:iron_nugget":2,"minecraft:stone_sword":5,"minecraft:cobbled_deepslate":7,"minecraft:bowl":2,"minecraft:wheat":1,"minecraft:tuff":55,"minecraft:pointed_dripstone":6,"minecraft:raw_iron":4,"minecraft:rotten_flesh":9,"minecraft:oak_planks":13,"minecraft:clay_ball":3,"minecraft:iron_boots":2,"minecraft:smoker":1,"minecraft:shield":2,"minecraft:spruce_planks":7,"minecraft:iron_chestplate":2,"minecraft:andesite":5,"minecraft:melon_seeds":2,"minecraft:purple_bed":4,"minecraft:acacia_sapling":2,"minecraft:spruce_log":94,"minecraft:arrow":16,"minecraft:bow":9,"minecraft:stone_pickaxe":4,"minecraft:nautilus_shell":1,"minecraft:acacia_boat":1},"minecraft:picked_up":{"minecraft:fishing_rod":13,"minecraft:iron_chestplate":4,"minecraft:crafting_table":9,"minecraft:wheat":190,"minecraft:chicken":9,"minecraft:clay_ball":3,"minecraft:lead":9,"minecraft:enchanted_book":8,"minecraft:potion":3,"minecraft:brewing_stand":3,"minecraft:shield":1,"minecraft:cornflower":5,"minecraft:string":33,"minecraft:wooden_sword":2,"minecraft:cooked_salmon":100,"minecraft:iron_leggings":6,"minecraft:iron_shovel":2,"minecraft:pufferfish":63,"minecraft:beetroot":2,"minecraft:gold_nugget":2,"minecraft:cobbled_deepslate":542,"minecraft:bucket":1,"minecraft:spruce_planks":7,"minecraft:beef":13,"minecraft:iron_nugget":1,"minecraft:iron_pickaxe":4,"minecraft:melon_slice":67,"minecraft:sugar_cane":100,"minecraft:chest":2,"minecraft:iron_boots":5,"minecraft:egg":3,"minecraft:furnace":16,"minecraft:stick":27,"minecraft:raw_iron":278,"minecraft:acacia_fence":11,"minecraft:copper_ingot":1,"minecraft:acacia_log":176,"minecraft:torch":74,"minecraft:bowl":2,"minecraft:porkchop":27,"minecraft:pointed_dripstone":7,"minecraft:diorite":10,"minecraft:redstone":61,"minecraft:stone_sword":6,"minecraft:arrow":33,"minecraft:rotten_flesh":42,"minecraft:cooked_cod":146,"minecraft:tropical_fish":6,"minecraft:saddle":3,"minecraft:gold_ingot":24,"minecraft:mutton":8,"minecraft:cod":66,"minecraft:cobblestone":544,"minecraft:white_wool":6,"minecraft:nautilus_shell":1,"minecraft:feather":5,"minecraft:salmon":52,"minecraft:andesite":35,"minecraft:leather":22,"minecraft:smoker":2,"minecraft:acacia_wood":2,"minecraft:flint":1,"minecraft:oak_log":5,"minecraft:tuff":176,"minecraft:lily_pad":8,"minecraft:acacia_boat":4,"minecraft:gunpowder":63,"minecraft:blue_bed":5,"minecraft:lapis_lazuli":309,"minecraft:dirt":156,"minecraft:name_tag":2,"minecraft:red_carpet":1,"minecraft:leather_boots":1,"minecraft:coast_armor_trim_smithing_template":4,"minecraft:bone":42,"minecraft:acacia_planks":10,"minecraft:apple":20,"minecraft:kelp":4,"minecraft:bow":10,"minecraft:wheat_seeds":382,"minecraft:raw_gold":64,"minecraft:iron_ingot":43,"minecraft:stone_pickaxe":8,"minecraft:acacia_sapling":2,"minecraft:oak_planks":20,"minecraft:iron_sword":3,"minecraft:book":6,"minecraft:cooked_porkchop":8,"minecraft:sweet_berries":15,"minecraft:dripstone_block":15,"minecraft:gravel":23,"minecraft:spruce_sapling":4,"minecraft:spruce_log":294,"minecraft:spider_eye":1,"minecraft:spruce_boat":1,"minecraft:purple_bed":18,"minecraft:diamond":105,"minecraft:iron_helmet":7,"minecraft:diamond_axe":4,"minecraft:granite":46,"minecraft:bone_meal":2,"minecraft:golden_apple":3,"minecraft:bread":12,"minecraft:emerald":3,"minecraft:melon_seeds":15,"minecraft:coal":463}},"DataVersion":3839}