{"stats":{"minecraft:used":{"minecraft:stone_pickaxe":43,"minecraft:wooden_pickaxe":16,"minecraft:torch":10,"minecraft:wooden_sword":7,"minecraft:cobblestone":9,"minecraft:crafting_table":2,"minecraft:furnace":1},"minecraft:mined":{"minecraft:spruce_log":5,"minecraft:crafting_table":1,"minecraft:coal_ore":35,"minecraft:spruce_leaves":2,"minecraft:stone":24},"minecraft:crafted":{"minecraft:cooked_beef":3,"minecraft:wooden_sword":1,"minecraft:crafting_table":1,"minecraft:spruce_planks":20,"minecraft:stick":12,"minecraft:wooden_pickaxe":1,"minecraft:stone_pickaxe":1,"minecraft:furnace":1,"minecraft:torch":24,"minecraft:air":0},"minecraft:killed":{"minecraft:spider":1,"minecraft:cow":1},"minecraft:picked_up":{"minecraft:crafting_table":1,"minecraft:spruce_log":5,"minecraft:spider_eye":1,"minecraft:string":1,"minecraft:beef":3,"minecraft:coal":35,"minecraft:cobblestone":24},"minecraft:custom":{"minecraft:time_since_rest":18676,"minecraft:interact_with_furnace":3,"minecraft:sprint_one_cm":21315,"minecraft:damage_taken":90,"minecraft:walk_one_cm":34508,"minecraft:mob_kills":2,"minecraft:damage_dealt":249,"minecraft:interact_with_crafting_table":3,"minecraft:swim_one_cm":10932,"minecraft:fly_one_cm":12121,"minecraft:crouch_one_cm":3204,"minecraft:play_time":18676,"minecraft:sneak_time":1212,"minecraft:walk_under_water_one_cm":5011,"minecraft:jump":150,"minecraft:leave_game":2,"minecraft:time_since_death":18676,"minecraft:walk_on_water_one_cm":3337,"minecraft:total_world_time":18676,"minecraft:fall_one_cm":1941}},"DataVersion":3839}