{"stats":{"minecraft:killed_by":{"minecraft:enderman":2,"minecraft:drowned":1,"minecraft:skeleton":4,"minecraft:zombie":9},"minecraft:custom":{"minecraft:mob_kills":42,"minecraft:interact_with_crafting_table":42,"minecraft:bell_ring":1,"minecraft:leave_game":9,"minecraft:time_since_death":72416,"minecraft:climb_one_cm":350,"minecraft:sprint_one_cm":1102750,"minecraft:walk_one_cm":957943,"minecraft:damage_blocked_by_shield":900,"minecraft:drop":171,"minecraft:talked_to_villager":8,"minecraft:play_time":628207,"minecraft:sneak_time":39076,"minecraft:deaths":18,"minecraft:walk_under_water_one_cm":77843,"minecraft:boat_one_cm":548016,"minecraft:interact_with_brewingstand":2,"minecraft:jump":4644,"minecraft:interact_with_blast_furnace":1,"minecraft:walk_on_water_one_cm":83819,"minecraft:total_world_time":628207,"minecraft:interact_with_furnace":82,"minecraft:interact_with_grindstone":1,"minecraft:sleep_in_bed":13,"minecraft:time_since_rest":72615,"minecraft:damage_taken":8804,"minecraft:damage_dealt":9177,"minecraft:swim_one_cm":242626,"minecraft:fly_one_cm":838036,"minecraft:open_chest":99,"minecraft:crouch_one_cm":139207,"minecraft:interact_with_smoker":7,"minecraft:fish_caught":32,"minecraft:fall_one_cm":79584,"minecraft:horse_one_cm":244871},"minecraft:mined":{"minecraft:tuff":29,"chisel:circular/cobblestone":19,"minecraft:deepslate_diamond_ore":7,"minecraft:obsidian":16,"minecraft:granite":10,"minecraft:grass_block":9,"minecraft:spruce_leaves":17,"minecraft:acacia_slab":22,"minecraft:oxeye_daisy":1,"minecraft:kelp":1,"minecraft:hay_block":29,"minecraft:tall_seagrass":3,"minecraft:furnace":2,"minecraft:fire":1,"minecraft:iron_ore":55,"minecraft:cobbled_deepslate":22,"minecraft:andesite":1,"minecraft:acacia_stairs":1,"minecraft:pointed_dripstone":5,"minecraft:deepslate_iron_ore":8,"minecraft:stone":343,"minecraft:glass_pane":3,"minecraft:crafting_table":2,"minecraft:cobbled_deepslate_wall":8,"minecraft:torch":9,"minecraft:short_grass":23,"minecraft:poppy":1,"minecraft:melon":1,"minecraft:tall_grass":4,"minecraft:cobblestone":77,"minecraft:sugar_cane":3,"minecraft:diorite":3,"minecraft:wall_torch":18,"minecraft:purple_bed":6,"minecraft:wheat":1,"minecraft:spruce_log":110,"minecraft:coal_ore":159,"minecraft:sand":146,"minecraft:gravel":16,"minecraft:dripstone_block":3,"minecraft:dirt":37,"minecraft:acacia_planks":22,"minecraft:netherrack":17,"minecraft:deepslate":56},"minecraft:killed":{"minecraft:zombified_piglin":1,"minecraft:witch":1,"minecraft:spider":3,"minecraft:skeleton":9,"minecraft:drowned":3,"minecraft:zombie_villager":1,"minecraft:bat":1,"minecraft:wandering_trader":1,"minecraft:trader_llama":2,"minecraft:zombie":17,"minecraft:cow":1},"minecraft:dropped":{"minecraft:water_bucket":1,"minecraft:enchanted_book":1,"minecraft:iron_ingot":11,"minecraft:bread":1,"minecraft:acacia_boat":1,"minecraft:brown_mushroom":1,"minecraft:clock":1,"minecraft:diamond_axe":1,"minecraft:wheat_seeds":126,"minecraft:lapis_lazuli":256,"minecraft:dripstone_block":1,"minecraft:iron_helmet":1,"minecraft:cobblestone":7,"minecraft:leather":1,"minecraft:granite":32,"minecraft:saddle":1,"minecraft:coal":3,"minecraft:golden_apple":1,"minecraft:flint":5,"minecraft:stick":10,"minecraft:dirt":1,"minecraft:torch":19,"minecraft:cornflower":3,"minecraft:melon_slice":11,"minecraft:cooked_cod":32,"minecraft:cooked_salmon":23,"minecraft:iron_leggings":1,"minecraft:sand":1,"minecraft:string":2,"minecraft:fishing_rod":1,"minecraft:lily_pad":3,"minecraft:white_wool":1,"minecraft:acacia_planks":27,"minecraft:spruce_sapling":5,"minecraft:pink_tulip":2,"minecraft:redstone":2,"minecraft:white_tulip":1,"minecraft:kelp":1,"minecraft:stone_sword":3,"minecraft:cobbled_deepslate":64,"minecraft:bowl":6,"minecraft:tuff":2,"minecraft:wheat":128,"minecraft:obsidian":12,"minecraft:raw_iron":1,"minecraft:pointed_dripstone":16,"minecraft:rotten_flesh":20,"minecraft:light_gray_wool":1,"minecraft:clay_ball":3,"minecraft:iron_boots":1,"minecraft:cooked_mutton":1,"minecraft:poppy":9,"minecraft:shield":1,"minecraft:spruce_planks":11,"minecraft:diamond_pickaxe":1,"minecraft:iron_chestplate":1,"minecraft:melon_seeds":6,"minecraft:purple_bed":1,"minecraft:leather_boots":3,"minecraft:acacia_sapling":3,"minecraft:spider_eye":1,"minecraft:spruce_log":128,"minecraft:stone_pickaxe":1},"minecraft:used":{"minecraft:iron_shovel":145,"minecraft:stone_sword":78,"minecraft:chest":1,"minecraft:spruce_planks":5,"minecraft:shield":15,"minecraft:iron_sword":69,"minecraft:netherrack":16,"minecraft:cooked_salmon":18,"minecraft:rotten_flesh":5,"minecraft:iron_chestplate":1,"minecraft:torch":102,"minecraft:dirt":32,"minecraft:tuff":50,"minecraft:granite":2,"minecraft:lava_bucket":2,"minecraft:acacia_slab":1062,"minecraft:iron_helmet":1,"minecraft:red_carpet":1,"minecraft:bow":2,"minecraft:cooked_cod":60,"minecraft:furnace":4,"minecraft:egg":2,"minecraft:cooked_beef":3,"minecraft:cobbled_deepslate":160,"minecraft:iron_leggings":1,"minecraft:cooked_mutton":4,"minecraft:water_bucket":6,"minecraft:acacia_boat":5,"minecraft:diorite":2,"minecraft:spruce_door":2,"minecraft:stone_pickaxe":300,"minecraft:wooden_pickaxe":16,"minecraft:diamond_axe":110,"chisel:circular/cobblestone":378,"minecraft:sand":8,"minecraft:crafting_table":4,"minecraft:dripstone_block":2,"minecraft:spruce_log":3,"minecraft:smoker":1,"minecraft:diamond_pickaxe":289,"minecraft:melon_slice":3,"minecraft:bread":4,"minecraft:iron_pickaxe":252,"minecraft:spruce_sapling":2,"minecraft:pufferfish":1,"minecraft:stone_axe":55,"minecraft:wooden_sword":49,"minecraft:fishing_rod":65,"minecraft:purple_bed":8,"minecraft:cobblestone":185,"minecraft:cooked_porkchop":2,"minecraft:andesite":4,"minecraft:bucket":10,"minecraft:glass_pane":160},"minecraft:crafted":{"minecraft:wooden_sword":1,"minecraft:stone_shovel":2,"minecraft:furnace":4,"minecraft:cooked_mutton":4,"minecraft:glass_pane":160,"minecraft:glass":144,"minecraft:iron_boots":1,"minecraft:melon_seeds":1,"minecraft:stone_pickaxe":3,"minecraft:chest":1,"minecraft:wheat":132,"minecraft:cooked_beef":3,"minecraft:coal_block":4,"minecraft:cooked_cod":59,"minecraft:crafting_table":2,"minecraft:enchanting_table":1,"minecraft:spruce_planks":64,"minecraft:acacia_slab":1044,"minecraft:wooden_pickaxe":1,"minecraft:spruce_door":3,"minecraft:cooked_salmon":46,"minecraft:bucket":1,"minecraft:bread":25,"minecraft:air":0,"minecraft:book":1,"minecraft:paper":3,"minecraft:diamond_pickaxe":1,"minecraft:stick":48,"minecraft:iron_ingot":80,"minecraft:iron_pickaxe":1,"minecraft:stone_sword":1,"minecraft:iron_leggings":1,"minecraft:light_gray_dye":1,"minecraft:acacia_planks":356,"minecraft:torch":96},"minecraft:broken":{"minecraft:stone_sword":1,"minecraft:stone_pickaxe":1,"minecraft:stone_axe":1,"minecraft:iron_pickaxe":1},"minecraft:picked_up":{"minecraft:fishing_rod":20,"minecraft:iron_chestplate":7,"minecraft:crafting_table":2,"minecraft:wheat":206,"minecraft:clay_ball":6,"minecraft:lead":11,"minecraft:brown_mushroom":1,"minecraft:wooden_pickaxe":2,"minecraft:enchanted_book":27,"minecraft:shield":5,"minecraft:cornflower":1,"minecraft:string":5,"minecraft:cooked_salmon":275,"minecraft:wooden_sword":6,"minecraft:iron_leggings":8,"minecraft:pufferfish":188,"minecraft:iron_shovel":2,"minecraft:cobbled_deepslate":718,"minecraft:bucket":3,"minecraft:spruce_planks":29,"minecraft:beef":3,"minecraft:white_tulip":1,"minecraft:poppy":9,"minecraft:iron_pickaxe":5,"minecraft:light_gray_wool":1,"minecraft:sugar_cane":16,"minecraft:melon_slice":15,"minecraft:furnace":6,"minecraft:iron_boots":8,"minecraft:egg":2,"minecraft:raw_iron":156,"minecraft:stick":27,"minecraft:torch":158,"minecraft:bowl":6,"minecraft:acacia_log":89,"chisel:circular/cobblestone":19,"minecraft:pointed_dripstone":16,"minecraft:diorite":5,"minecraft:redstone":6,"minecraft:stone_sword":13,"minecraft:arrow":73,"minecraft:stone_shovel":4,"minecraft:rotten_flesh":66,"minecraft:cooked_cod":255,"minecraft:tropical_fish":6,"minecraft:hay_block":29,"minecraft:pink_tulip":2,"minecraft:mutton":16,"minecraft:obsidian":52,"minecraft:cod":25,"minecraft:white_wool":3,"minecraft:cobblestone":616,"minecraft:oxeye_daisy":1,"minecraft:clock":2,"minecraft:cooked_beef":2,"minecraft:andesite":6,"minecraft:water_bucket":1,"minecraft:salmon":18,"minecraft:leather":11,"minecraft:smoker":3,"minecraft:flint":6,"minecraft:tuff":42,"minecraft:lily_pad":3,"minecraft:acacia_boat":6,"minecraft:lapis_lazuli":448,"minecraft:dirt":132,"minecraft:cooked_mutton":6,"minecraft:leather_boots":2,"minecraft:red_carpet":1,"minecraft:glass":212,"minecraft:bone":106,"minecraft:acacia_planks":702,"minecraft:kelp":1,"minecraft:bow":17,"minecraft:wheat_seeds":130,"minecraft:cobbled_deepslate_wall":12,"minecraft:iron_ingot":17,"minecraft:stone_pickaxe":10,"minecraft:glowstone_dust":6,"minecraft:iron_sword":6,"minecraft:acacia_sapling":3,"minecraft:cooked_porkchop":16,"minecraft:quartz":27,"minecraft:dripstone_block":5,"minecraft:gravel":9,"minecraft:sand":153,"minecraft:spruce_sapling":7,"minecraft:spruce_log":516,"minecraft:acacia_stairs":1,"minecraft:spider_eye":4,"minecraft:purple_bed":19,"minecraft:sugar":1,"chisel:chisel":2,"minecraft:diamond":9,"minecraft:stone_axe":1,"minecraft:iron_helmet":7,"minecraft:granite":12,"minecraft:diamond_axe":4,"minecraft:bread":49,"minecraft:netherrack":16,"minecraft:acacia_slab":33,"minecraft:melon_seeds":5,"minecraft:coal":423,"minecraft:diamond_pickaxe":6}},"DataVersion":3839}