{"stats":{"minecraft:broken":{"minecraft:stone_sword":1,"minecraft:stone_axe":1,"minecraft:iron_pickaxe":1},"minecraft:custom":{"minecraft:mob_kills":36,"minecraft:interact_with_crafting_table":19,"minecraft:bell_ring":1,"minecraft:leave_game":3,"minecraft:time_since_death":32227,"minecraft:climb_one_cm":350,"minecraft:sprint_one_cm":666408,"minecraft:walk_one_cm":669200,"minecraft:damage_blocked_by_shield":900,"minecraft:drop":148,"minecraft:talked_to_villager":8,"minecraft:play_time":423121,"minecraft:deaths":16,"minecraft:sneak_time":18048,"minecraft:walk_under_water_one_cm":38366,"minecraft:boat_one_cm":374683,"minecraft:interact_with_brewingstand":2,"minecraft:jump":3101,"minecraft:interact_with_blast_furnace":1,"minecraft:walk_on_water_one_cm":52245,"minecraft:total_world_time":423121,"minecraft:interact_with_furnace":62,"minecraft:interact_with_grindstone":1,"minecraft:sleep_in_bed":10,"minecraft:time_since_rest":19782,"minecraft:damage_taken":7887,"minecraft:damage_dealt":7997,"minecraft:swim_one_cm":142254,"minecraft:fly_one_cm":385006,"minecraft:open_chest":76,"minecraft:crouch_one_cm":38055,"minecraft:interact_with_smoker":7,"minecraft:fish_caught":32,"minecraft:fall_one_cm":61942,"minecraft:horse_one_cm":244871},"minecraft:killed":{"minecraft:witch":1,"minecraft:spider":2,"minecraft:skeleton":7,"minecraft:drowned":2,"minecraft:zombie_villager":1,"minecraft:bat":1,"minecraft:wandering_trader":1,"minecraft:trader_llama":2,"minecraft:zombie":16,"minecraft:cow":1},"minecraft:mined":{"minecraft:tuff":28,"minecraft:deepslate_diamond_ore":7,"minecraft:obsidian":12,"minecraft:granite":10,"minecraft:grass_block":1,"minecraft:spruce_leaves":17,"minecraft:oxeye_daisy":1,"minecraft:hay_block":29,"minecraft:furnace":2,"minecraft:iron_ore":55,"minecraft:cobbled_deepslate":15,"minecraft:acacia_stairs":1,"minecraft:andesite":1,"minecraft:pointed_dripstone":5,"minecraft:deepslate_iron_ore":8,"minecraft:stone":133,"minecraft:crafting_table":1,"minecraft:torch":5,"minecraft:poppy":1,"minecraft:short_grass":18,"minecraft:melon":1,"minecraft:tall_grass":4,"minecraft:cobblestone":3,"minecraft:sugar_cane":3,"minecraft:wall_torch":14,"minecraft:diorite":3,"minecraft:purple_bed":6,"minecraft:wheat":1,"minecraft:spruce_log":110,"minecraft:coal_ore":137,"minecraft:gravel":15,"minecraft:dripstone_block":3,"minecraft:dirt":16,"minecraft:deepslate":56},"minecraft:crafted":{"minecraft:wooden_sword":1,"minecraft:furnace":3,"minecraft:melon_seeds":1,"minecraft:stone_pickaxe":3,"minecraft:chest":1,"minecraft:wheat":132,"minecraft:cooked_beef":3,"minecraft:coal_block":1,"minecraft:cooked_cod":59,"minecraft:crafting_table":1,"minecraft:spruce_planks":64,"minecraft:wooden_pickaxe":1,"minecraft:spruce_door":3,"minecraft:cooked_salmon":46,"minecraft:bread":1,"minecraft:air":0,"minecraft:diamond_pickaxe":1,"minecraft:stick":40,"minecraft:iron_ingot":26,"minecraft:iron_pickaxe":1,"minecraft:stone_sword":1,"minecraft:light_gray_dye":1,"minecraft:torch":80},"minecraft:used":{"minecraft:stone_sword":78,"minecraft:spruce_planks":5,"minecraft:chest":1,"minecraft:shield":15,"minecraft:iron_sword":56,"minecraft:cooked_salmon":4,"minecraft:rotten_flesh":5,"minecraft:torch":88,"minecraft:dirt":7,"minecraft:tuff":50,"minecraft:granite":2,"minecraft:iron_helmet":1,"minecraft:red_carpet":1,"minecraft:bow":2,"minecraft:furnace":3,"minecraft:cooked_cod":60,"minecraft:egg":1,"minecraft:cooked_beef":3,"minecraft:cobbled_deepslate":63,"minecraft:iron_leggings":1,"minecraft:acacia_boat":4,"minecraft:cooked_mutton":4,"minecraft:water_bucket":5,"minecraft:diorite":2,"minecraft:spruce_door":2,"minecraft:stone_pickaxe":207,"minecraft:wooden_pickaxe":16,"minecraft:diamond_axe":55,"minecraft:sand":1,"minecraft:crafting_table":2,"minecraft:dripstone_block":2,"minecraft:spruce_log":3,"minecraft:smoker":1,"minecraft:diamond_pickaxe":15,"minecraft:bread":4,"minecraft:iron_pickaxe":252,"minecraft:spruce_sapling":2,"minecraft:pufferfish":1,"minecraft:stone_axe":55,"minecraft:fishing_rod":65,"minecraft:wooden_sword":49,"minecraft:cobblestone":148,"minecraft:purple_bed":8,"minecraft:cooked_porkchop":2,"minecraft:bucket":6,"minecraft:andesite":4},"minecraft:killed_by":{"minecraft:enderman":2,"minecraft:drowned":1,"minecraft:skeleton":3,"minecraft:zombie":8},"minecraft:dropped":{"minecraft:enchanted_book":1,"minecraft:bread":1,"minecraft:iron_ingot":11,"minecraft:acacia_boat":1,"minecraft:brown_mushroom":1,"minecraft:clock":1,"minecraft:wheat_seeds":62,"minecraft:diamond_axe":1,"minecraft:dripstone_block":1,"minecraft:iron_helmet":1,"minecraft:cobblestone":7,"minecraft:leather":1,"minecraft:granite":32,"minecraft:saddle":1,"minecraft:coal":3,"minecraft:golden_apple":1,"minecraft:stick":10,"minecraft:flint":3,"minecraft:dirt":1,"minecraft:torch":19,"minecraft:cornflower":3,"minecraft:melon_slice":11,"minecraft:cooked_cod":32,"minecraft:cooked_salmon":23,"minecraft:iron_leggings":1,"minecraft:fishing_rod":1,"minecraft:lily_pad":3,"minecraft:white_wool":1,"minecraft:spruce_sapling":5,"minecraft:pink_tulip":2,"minecraft:redstone":2,"minecraft:white_tulip":1,"minecraft:stone_sword":3,"minecraft:bowl":6,"minecraft:wheat":128,"minecraft:raw_iron":1,"minecraft:pointed_dripstone":16,"minecraft:rotten_flesh":18,"minecraft:light_gray_wool":1,"minecraft:clay_ball":3,"minecraft:iron_boots":1,"minecraft:cooked_mutton":1,"minecraft:poppy":8,"minecraft:shield":1,"minecraft:iron_chestplate":1,"minecraft:melon_seeds":6,"minecraft:purple_bed":1,"minecraft:leather_boots":3,"minecraft:acacia_sapling":3,"minecraft:spider_eye":1,"minecraft:stone_pickaxe":1},"minecraft:picked_up":{"minecraft:fishing_rod":20,"minecraft:crafting_table":1,"minecraft:iron_chestplate":5,"minecraft:wheat":204,"minecraft:clay_ball":6,"minecraft:brown_mushroom":1,"minecraft:lead":11,"minecraft:wooden_pickaxe":2,"minecraft:enchanted_book":27,"minecraft:shield":5,"minecraft:cornflower":1,"minecraft:string":3,"minecraft:cooked_salmon":255,"minecraft:wooden_sword":6,"minecraft:iron_leggings":5,"minecraft:pufferfish":188,"minecraft:cobbled_deepslate":280,"minecraft:bucket":3,"minecraft:spruce_planks":29,"minecraft:beef":3,"minecraft:white_tulip":1,"minecraft:poppy":9,"minecraft:melon_slice":15,"minecraft:iron_pickaxe":5,"minecraft:light_gray_wool":1,"minecraft:sugar_cane":16,"minecraft:egg":1,"minecraft:furnace":6,"minecraft:iron_boots":5,"minecraft:stick":27,"minecraft:raw_iron":156,"minecraft:torch":120,"minecraft:bowl":6,"minecraft:diorite":5,"minecraft:pointed_dripstone":16,"minecraft:redstone":6,"minecraft:stone_sword":13,"minecraft:arrow":39,"minecraft:rotten_flesh":64,"minecraft:cooked_cod":255,"minecraft:tropical_fish":6,"minecraft:hay_block":29,"minecraft:pink_tulip":2,"minecraft:mutton":8,"minecraft:obsidian":48,"minecraft:cod":25,"minecraft:white_wool":3,"minecraft:cobblestone":337,"minecraft:oxeye_daisy":1,"minecraft:clock":2,"minecraft:cooked_beef":2,"minecraft:water_bucket":1,"minecraft:salmon":18,"minecraft:andesite":6,"minecraft:leather":11,"minecraft:smoker":3,"minecraft:flint":4,"minecraft:tuff":40,"minecraft:lily_pad":3,"minecraft:acacia_boat":6,"minecraft:lapis_lazuli":256,"minecraft:dirt":85,"minecraft:red_carpet":1,"minecraft:cooked_mutton":6,"minecraft:leather_boots":2,"minecraft:bone":36,"minecraft:bow":17,"minecraft:wheat_seeds":62,"minecraft:iron_ingot":12,"minecraft:stone_pickaxe":10,"minecraft:acacia_sapling":3,"minecraft:iron_sword":5,"minecraft:cooked_porkchop":16,"minecraft:dripstone_block":5,"minecraft:gravel":9,"minecraft:sand":1,"minecraft:spruce_sapling":7,"minecraft:spruce_log":516,"minecraft:acacia_stairs":1,"minecraft:spider_eye":4,"minecraft:sugar":1,"minecraft:purple_bed":19,"minecraft:diamond":7,"minecraft:stone_axe":1,"minecraft:iron_helmet":5,"minecraft:diamond_axe":1,"minecraft:granite":12,"minecraft:bread":1,"minecraft:melon_seeds":5,"minecraft:coal":293,"minecraft:diamond_pickaxe":3}},"DataVersion":3839}