{"stats":{"minecraft:dropped":{"minecraft:acacia_boat":1,"minecraft:brown_mushroom":1,"minecraft:diamond_axe":1,"minecraft:lapis_lazuli":256,"minecraft:leather":1,"minecraft:saddle":1,"minecraft:flint":5,"minecraft:dirt":5,"minecraft:cornflower":3,"minecraft:cooked_cod":32,"minecraft:sand":1,"minecraft:fishing_rod":1,"minecraft:white_wool":1,"minecraft:bone":32,"minecraft:white_tulip":1,"minecraft:cobbled_deepslate":64,"minecraft:wheat":128,"minecraft:obsidian":12,"minecraft:pointed_dripstone":16,"minecraft:rotten_flesh":20,"minecraft:cooked_mutton":1,"minecraft:poppy":9,"minecraft:melon_seeds":6,"minecraft:leather_boots":3,"minecraft:acacia_sapling":3,"minecraft:water_bucket":1,"minecraft:enchanted_book":1,"minecraft:iron_ingot":11,"minecraft:bread":1,"minecraft:wheat_seeds":127,"minecraft:clock":1,"minecraft:dripstone_block":1,"minecraft:feather":1,"minecraft:iron_helmet":1,"minecraft:cobblestone":7,"minecraft:granite":33,"minecraft:golden_apple":1,"minecraft:coal":3,"minecraft:stick":10,"minecraft:diorite":4,"minecraft:torch":19,"minecraft:melon_slice":11,"minecraft:cooked_salmon":23,"minecraft:iron_leggings":1,"minecraft:string":5,"minecraft:lily_pad":3,"minecraft:acacia_planks":27,"minecraft:spruce_sapling":5,"minecraft:redstone":2,"minecraft:pink_tulip":2,"minecraft:kelp":1,"minecraft:stone_sword":3,"minecraft:bowl":6,"minecraft:tuff":2,"minecraft:raw_iron":1,"minecraft:light_gray_wool":1,"minecraft:clay_ball":3,"minecraft:iron_boots":1,"minecraft:light_blue_dye":1,"minecraft:shield":1,"minecraft:spruce_planks":11,"minecraft:iron_chestplate":1,"minecraft:diamond_pickaxe":2,"minecraft:purple_bed":1,"minecraft:spider_eye":1,"minecraft:spruce_log":128,"minecraft:stone_pickaxe":1},"minecraft:killed_by":{"minecraft:drowned":1,"minecraft:zombie":9,"minecraft:enderman":2,"minecraft:skeleton":4},"minecraft:custom":{"minecraft:interact_with_crafting_table":44,"minecraft:bell_ring":1,"minecraft:leave_game":13,"minecraft:time_since_death":56412,"minecraft:sprint_one_cm":1615369,"minecraft:damage_blocked_by_shield":900,"minecraft:drop":180,"minecraft:talked_to_villager":8,"minecraft:play_time":775052,"minecraft:deaths":19,"minecraft:jump":7003,"minecraft:interact_with_brewingstand":2,"minecraft:walk_on_water_one_cm":105215,"minecraft:interact_with_furnace":87,"minecraft:sleep_in_bed":16,"minecraft:damage_dealt":17565,"minecraft:crouch_one_cm":182348,"minecraft:interact_with_smoker":7,"minecraft:horse_one_cm":244871,"minecraft:mob_kills":99,"minecraft:climb_one_cm":403,"minecraft:walk_one_cm":1266196,"minecraft:sneak_time":51188,"minecraft:walk_under_water_one_cm":96181,"minecraft:boat_one_cm":548016,"minecraft:interact_with_blast_furnace":1,"minecraft:total_world_time":775052,"minecraft:interact_with_grindstone":1,"minecraft:time_since_rest":15897,"minecraft:damage_taken":10411,"minecraft:swim_one_cm":326437,"minecraft:fly_one_cm":1314893,"minecraft:open_chest":109,"minecraft:fish_caught":32,"minecraft:fall_one_cm":126692},"minecraft:mined":{"minecraft:obsidian":17,"minecraft:granite":11,"minecraft:grass_block":17,"minecraft:oxeye_daisy":1,"minecraft:tall_seagrass":3,"minecraft:iron_ore":60,"minecraft:cobbled_deepslate":65,"minecraft:fire":3,"minecraft:pointed_dripstone":5,"minecraft:blue_orchid":10,"minecraft:torch":10,"minecraft:poppy":1,"minecraft:melon":1,"minecraft:nether_quartz_ore":7,"minecraft:cobblestone":77,"minecraft:sugar_cane":26,"minecraft:wall_torch":18,"minecraft:wheat":1,"minecraft:sand":146,"minecraft:dirt":59,"minecraft:netherrack":132,"minecraft:deepslate":56,"minecraft:tuff":29,"chisel:circular/cobblestone":22,"minecraft:deepslate_diamond_ore":7,"minecraft:spruce_leaves":17,"minecraft:acacia_slab":22,"minecraft:kelp":1,"minecraft:hay_block":29,"minecraft:furnace":2,"minecraft:acacia_stairs":1,"minecraft:andesite":1,"minecraft:deepslate_iron_ore":8,"minecraft:stone":535,"minecraft:glass_pane":3,"minecraft:crafting_table":2,"minecraft:cobbled_deepslate_wall":8,"minecraft:short_grass":28,"minecraft:emerald_ore":1,"minecraft:tall_grass":6,"minecraft:diorite":7,"minecraft:purple_bed":6,"minecraft:spruce_log":110,"minecraft:coal_ore":170,"minecraft:dripstone_block":3,"minecraft:gravel":16,"minecraft:acacia_planks":22},"minecraft:broken":{"minecraft:stone_pickaxe":1,"minecraft:stone_axe":1,"minecraft:stone_sword":1,"minecraft:iron_pickaxe":1},"minecraft:picked_up":{"minecraft:iron_chestplate":8,"minecraft:wheat":207,"minecraft:lead":11,"minecraft:enchanted_book":27,"minecraft:string":10,"minecraft:cooked_salmon":275,"minecraft:iron_leggings":9,"minecraft:pufferfish":188,"minecraft:cobbled_deepslate":924,"minecraft:bucket":3,"minecraft:spruce_planks":29,"minecraft:white_tulip":1,"minecraft:iron_pickaxe":5,"minecraft:melon_slice":15,"minecraft:furnace":6,"minecraft:iron_boots":9,"minecraft:stick":27,"minecraft:torch":173,"minecraft:acacia_log":89,"minecraft:porkchop":62,"minecraft:pointed_dripstone":16,"minecraft:diorite":9,"minecraft:quartz_block":128,"minecraft:stone_sword":13,"minecraft:rotten_flesh":69,"minecraft:tropical_fish":6,"minecraft:glowstone":230,"minecraft:obsidian":52,"minecraft:cod":25,"minecraft:cobblestone":847,"minecraft:feather":1,"minecraft:cooked_beef":2,"minecraft:water_bucket":2,"minecraft:andesite":6,"minecraft:smoker":3,"minecraft:flint":6,"minecraft:tuff":42,"minecraft:acacia_boat":6,"minecraft:lapis_lazuli":448,"minecraft:dirt":192,"minecraft:leather_boots":2,"minecraft:bone":106,"minecraft:glass":212,"minecraft:acacia_planks":702,"minecraft:bow":17,"minecraft:cobbled_deepslate_wall":12,"minecraft:wheat_seeds":131,"minecraft:glowstone_dust":10,"minecraft:cooked_porkchop":16,"minecraft:sand":153,"minecraft:acacia_stairs":1,"minecraft:dark_oak_log":8,"minecraft:sugar":1,"chisel:chisel":3,"minecraft:diamond":9,"minecraft:crossbow":1,"minecraft:granite":13,"minecraft:bread":85,"minecraft:emerald":1,"minecraft:netherrack":133,"minecraft:diamond_pickaxe":8,"minecraft:fishing_rod":20,"minecraft:crafting_table":2,"minecraft:chicken":4,"minecraft:clay_ball":6,"minecraft:wooden_pickaxe":2,"minecraft:brown_mushroom":1,"minecraft:shield":5,"minecraft:cornflower":1,"minecraft:wooden_sword":6,"minecraft:iron_shovel":2,"minecraft:blue_orchid":19,"minecraft:beef":55,"minecraft:poppy":9,"minecraft:light_gray_wool":1,"minecraft:sugar_cane":88,"minecraft:egg":2,"minecraft:raw_iron":166,"minecraft:bowl":6,"chisel:circular/cobblestone":22,"minecraft:carrot":7,"minecraft:redstone":6,"minecraft:arrow":90,"minecraft:stone_shovel":4,"minecraft:cooked_cod":255,"minecraft:hay_block":29,"minecraft:pink_tulip":2,"minecraft:mutton":20,"minecraft:white_wool":7,"minecraft:oxeye_daisy":1,"minecraft:clock":2,"minecraft:salmon":18,"minecraft:leather":61,"minecraft:lily_pad":3,"minecraft:cooked_mutton":10,"minecraft:red_carpet":1,"minecraft:kelp":1,"minecraft:iron_ingot":17,"minecraft:stone_pickaxe":10,"minecraft:acacia_sapling":3,"minecraft:iron_sword":7,"minecraft:quartz":58,"minecraft:dandelion":1,"minecraft:dripstone_block":5,"minecraft:gravel":9,"minecraft:spruce_sapling":7,"minecraft:spruce_log":516,"minecraft:spider_eye":4,"minecraft:purple_bed":19,"minecraft:stone_axe":1,"minecraft:iron_helmet":8,"minecraft:diamond_axe":5,"minecraft:acacia_slab":33,"minecraft:melon_seeds":5,"minecraft:coal":461},"minecraft:used":{"minecraft:iron_shovel":145,"minecraft:chest":1,"minecraft:shield":15,"minecraft:iron_sword":69,"minecraft:rotten_flesh":5,"minecraft:iron_chestplate":1,"minecraft:tuff":50,"minecraft:lava_bucket":2,"minecraft:iron_helmet":1,"minecraft:red_carpet":1,"minecraft:bow":2,"minecraft:furnace":4,"minecraft:cooked_cod":60,"minecraft:egg":2,"minecraft:diorite":2,"minecraft:spruce_door":2,"minecraft:stone_pickaxe":300,"minecraft:wooden_pickaxe":16,"minecraft:diamond_axe":260,"chisel:circular/cobblestone":483,"minecraft:sand":8,"minecraft:crossbow":2,"minecraft:dripstone_block":2,"minecraft:bread":39,"minecraft:melon_slice":3,"minecraft:pufferfish":1,"minecraft:wooden_sword":49,"minecraft:andesite":4,"minecraft:experience_bottle":2,"minecraft:stone_sword":78,"minecraft:spruce_planks":5,"minecraft:cooked_salmon":25,"minecraft:netherrack":133,"minecraft:torch":105,"minecraft:dirt":73,"minecraft:granite":2,"minecraft:acacia_slab":1062,"minecraft:iron_boots":1,"minecraft:glowstone":2,"minecraft:cooked_beef":3,"minecraft:cobbled_deepslate":436,"minecraft:iron_leggings":1,"minecraft:cooked_mutton":4,"minecraft:acacia_boat":5,"minecraft:water_bucket":13,"minecraft:crafting_table":4,"minecraft:smoker":1,"minecraft:spruce_log":3,"minecraft:diamond_pickaxe":679,"minecraft:iron_pickaxe":252,"minecraft:spruce_sapling":2,"minecraft:stone_axe":55,"minecraft:fishing_rod":65,"minecraft:cobblestone":187,"minecraft:purple_bed":8,"minecraft:cooked_porkchop":2,"minecraft:bucket":17,"minecraft:glass_pane":160,"minecraft:dandelion":1},"minecraft:crafted":{"minecraft:cooked_mutton":4,"minecraft:glass":144,"minecraft:iron_boots":1,"minecraft:melon_seeds":1,"minecraft:chest":1,"minecraft:crafting_table":2,"minecraft:spruce_planks":64,"minecraft:acacia_slab":1296,"minecraft:wooden_pickaxe":1,"minecraft:spruce_door":3,"minecraft:book":1,"minecraft:paper":3,"minecraft:diamond_pickaxe":1,"minecraft:stick":48,"minecraft:light_blue_dye":1,"minecraft:iron_ingot":80,"minecraft:iron_pickaxe":1,"minecraft:stone_sword":1,"minecraft:light_gray_dye":1,"minecraft:wooden_sword":1,"minecraft:stone_shovel":2,"minecraft:furnace":4,"minecraft:glass_pane":160,"minecraft:stone_pickaxe":3,"minecraft:wheat":132,"minecraft:cooked_beef":3,"minecraft:coal_block":4,"minecraft:cooked_cod":59,"minecraft:enchanting_table":1,"minecraft:cooked_salmon":46,"minecraft:bucket":1,"minecraft:bread":25,"minecraft:air":0,"minecraft:iron_leggings":1,"minecraft:acacia_planks":356,"minecraft:torch":96},"minecraft:killed":{"minecraft:zombified_piglin":1,"minecraft:witch":1,"minecraft:spider":5,"minecraft:skeleton":9,"minecraft:chicken":2,"minecraft:piglin":1,"minecraft:pig":14,"minecraft:zombie_villager":1,"minecraft:sheep":2,"minecraft:trader_llama":2,"minecraft:pillager":3,"minecraft:zombie":20,"minecraft:donkey":3,"minecraft:cow":13,"minecraft:horse":10,"minecraft:llama":1,"minecraft:drowned":3,"minecraft:bat":1,"minecraft:wandering_trader":1,"minecraft:frog":2}},"DataVersion":3839}