{"stats":{"minecraft:dropped":{"minecraft:wheat_seeds":1,"minecraft:iron_nugget":7,"minecraft:iron_helmet":1,"minecraft:iron_boots":1,"minecraft:apple":1,"minecraft:stick":1,"minecraft:shield":1,"minecraft:wooden_axe":1,"minecraft:iron_leggings":1,"minecraft:amethyst_shard":16,"minecraft:wooden_pickaxe":1,"minecraft:iron_pickaxe":1,"minecraft:spruce_sapling":3,"minecraft:bone":6},"minecraft:crafted":{"minecraft:crafting_table":2,"minecraft:spruce_planks":40,"minecraft:wooden_pickaxe":1,"minecraft:iron_helmet":1,"minecraft:iron_sword":1,"minecraft:furnace":1,"minecraft:air":0,"minecraft:iron_boots":1,"minecraft:shield":2,"minecraft:stick":8,"minecraft:iron_ingot":15,"minecraft:iron_pickaxe":2,"minecraft:iron_leggings":1},"minecraft:custom":{"minecraft:interact_with_furnace":9,"minecraft:mob_kills":20,"minecraft:interact_with_crafting_table":13,"minecraft:leave_game":1,"minecraft:time_since_death":29448,"minecraft:time_since_rest":29448,"minecraft:sprint_one_cm":84594,"minecraft:damage_taken":549,"minecraft:walk_one_cm":81935,"minecraft:damage_blocked_by_shield":90,"minecraft:drop":15,"minecraft:damage_dealt":2690,"minecraft:swim_one_cm":4137,"minecraft:talked_to_villager":1,"minecraft:fly_one_cm":72847,"minecraft:open_chest":8,"minecraft:crouch_one_cm":11117,"minecraft:play_time":29448,"minecraft:sneak_time":4881,"minecraft:walk_under_water_one_cm":704,"minecraft:jump":488,"minecraft:walk_on_water_one_cm":1482,"minecraft:total_world_time":29448,"minecraft:fall_one_cm":14307},"minecraft:picked_up":{"minecraft:wooden_axe":1,"minecraft:iron_chestplate":1,"minecraft:crafting_table":2,"minecraft:andesite":1,"minecraft:wooden_pickaxe":1,"minecraft:smoker":1,"minecraft:potato":5,"minecraft:shield":1,"minecraft:blue_bed":2,"minecraft:large_fern":3,"minecraft:iron_leggings":1,"minecraft:bone":9,"minecraft:apple":1,"minecraft:stonecutter":1,"minecraft:wheat_seeds":1,"minecraft:cobbled_deepslate":2,"minecraft:raw_gold":20,"minecraft:bell":1,"minecraft:spruce_planks":1,"minecraft:iron_ingot":15,"minecraft:iron_nugget":5,"minecraft:iron_pickaxe":1,"minecraft:chest":5,"minecraft:iron_boots":1,"minecraft:raw_iron":42,"minecraft:sweet_berries":23,"minecraft:torch":20,"minecraft:dripstone_block":30,"minecraft:porkchop":8,"minecraft:amethyst_shard":16,"minecraft:spruce_sapling":3,"minecraft:pointed_dripstone":49,"minecraft:spruce_log":17,"minecraft:redstone":38,"minecraft:arrow":3,"minecraft:pumpkin_seeds":4,"minecraft:purple_bed":1,"minecraft:rotten_flesh":3,"minecraft:iron_helmet":1,"minecraft:bread":7,"minecraft:emerald":3,"minecraft:obsidian":8,"minecraft:mutton":9,"minecraft:coal":64,"minecraft:white_wool":11,"minecraft:cobblestone":47},"minecraft:mined":{"minecraft:deepslate_redstone_ore":4,"minecraft:spruce_planks":1,"minecraft:smoker":1,"minecraft:amethyst_cluster":4,"minecraft:crafting_table":2,"minecraft:short_grass":8,"minecraft:chest":5,"minecraft:tall_grass":3,"minecraft:spruce_leaves":2,"minecraft:blue_bed":2,"minecraft:large_fern":12,"minecraft:purple_bed":1,"minecraft:redstone_ore":5,"minecraft:iron_ore":8,"minecraft:sweet_berry_bush":3,"minecraft:andesite":2,"minecraft:bell":1,"minecraft:pointed_dripstone":4,"minecraft:coal_ore":64,"minecraft:deepslate_iron_ore":6,"minecraft:dripstone_block":31,"minecraft:stonecutter":1,"minecraft:stone":49,"minecraft:gold_ore":20,"minecraft:deepslate":2},"minecraft:used":{"minecraft:spruce_planks":7,"minecraft:shield":2,"minecraft:iron_sword":71,"minecraft:blue_bed":1,"minecraft:crafting_table":4,"minecraft:bread":12,"minecraft:iron_pickaxe":202,"minecraft:cobblestone":36,"minecraft:purple_bed":1,"minecraft:furnace":1},"minecraft:killed":{"minecraft:pig":4,"minecraft:sheep":7,"minecraft:skeleton":2,"minecraft:zombie":7}},"DataVersion":3839}