{"stats":{"minecraft:dropped":{"minecraft:wheat_seeds":1,"minecraft:iron_nugget":7,"minecraft:cobbled_deepslate":1,"minecraft:feather":2,"minecraft:cobblestone":6,"minecraft:rotten_flesh":5,"minecraft:iron_helmet":1,"minecraft:iron_boots":1,"minecraft:apple":1,"minecraft:stick":1,"minecraft:shield":1,"minecraft:large_fern":7,"minecraft:andesite":2,"minecraft:wooden_axe":1,"minecraft:iron_leggings":1,"minecraft:spider_eye":1,"minecraft:amethyst_shard":16,"minecraft:arrow":3,"minecraft:wooden_pickaxe":1,"minecraft:iron_pickaxe":1,"minecraft:spruce_sapling":3,"minecraft:bone":6},"minecraft:used":{"minecraft:diorite":2,"minecraft:spruce_planks":7,"minecraft:shield":5,"minecraft:iron_sword":81,"minecraft:blue_bed":1,"minecraft:torch":11,"minecraft:crafting_table":5,"minecraft:dripstone_block":2,"minecraft:bread":15,"minecraft:iron_pickaxe":244,"minecraft:cobblestone":42,"minecraft:purple_bed":1,"minecraft:furnace":3,"minecraft:cooked_porkchop":3,"minecraft:andesite":1,"minecraft:cobbled_deepslate":2},"minecraft:killed_by":{"minecraft:skeleton":1},"minecraft:crafted":{"minecraft:cooked_porkchop":8,"minecraft:crafting_table":3,"minecraft:spruce_planks":40,"minecraft:wooden_pickaxe":1,"minecraft:iron_helmet":1,"minecraft:iron_sword":1,"minecraft:furnace":3,"minecraft:air":0,"minecraft:iron_boots":1,"minecraft:shield":2,"minecraft:stick":8,"minecraft:iron_ingot":15,"minecraft:iron_pickaxe":2,"minecraft:iron_leggings":1},"minecraft:killed":{"minecraft:pig":4,"minecraft:spider":2,"minecraft:sheep":7,"minecraft:skeleton":3,"minecraft:zombie":7},"minecraft:mined":{"minecraft:deepslate_redstone_ore":4,"minecraft:spruce_planks":1,"minecraft:smoker":1,"minecraft:amethyst_cluster":4,"minecraft:crafting_table":2,"minecraft:short_grass":8,"minecraft:chest":6,"minecraft:tall_grass":3,"minecraft:cobblestone":9,"minecraft:spruce_leaves":2,"minecraft:diorite":2,"minecraft:blue_bed":2,"minecraft:large_fern":12,"minecraft:purple_bed":1,"minecraft:redstone_ore":5,"minecraft:furnace":3,"minecraft:iron_ore":19,"minecraft:sweet_berry_bush":3,"minecraft:andesite":4,"minecraft:bell":1,"minecraft:pointed_dripstone":4,"minecraft:coal_ore":64,"minecraft:deepslate_iron_ore":6,"minecraft:dripstone_block":31,"minecraft:stonecutter":1,"minecraft:stone":64,"minecraft:gold_ore":20,"minecraft:deepslate":2},"minecraft:custom":{"minecraft:interact_with_furnace":21,"minecraft:mob_kills":23,"minecraft:interact_with_crafting_table":20,"minecraft:leave_game":3,"minecraft:time_since_death":802,"minecraft:time_since_rest":861,"minecraft:sprint_one_cm":102622,"minecraft:damage_taken":1245,"minecraft:walk_one_cm":124597,"minecraft:damage_blocked_by_shield":225,"minecraft:drop":25,"minecraft:damage_dealt":3170,"minecraft:swim_one_cm":4137,"minecraft:talked_to_villager":1,"minecraft:fly_one_cm":100706,"minecraft:open_chest":20,"minecraft:deaths":1,"minecraft:play_time":45594,"minecraft:crouch_one_cm":14365,"minecraft:sneak_time":5822,"minecraft:walk_under_water_one_cm":704,"minecraft:jump":727,"minecraft:walk_on_water_one_cm":1482,"minecraft:total_world_time":45594,"minecraft:fall_one_cm":24986},"minecraft:picked_up":{"minecraft:wooden_axe":1,"minecraft:crafting_table":2,"minecraft:iron_chestplate":1,"minecraft:andesite":3,"minecraft:smoker":1,"minecraft:wooden_pickaxe":1,"minecraft:potato":5,"minecraft:shield":1,"minecraft:gunpowder":7,"minecraft:music_disc_cat":2,"minecraft:string":3,"minecraft:blue_bed":2,"minecraft:large_fern":3,"minecraft:iron_leggings":1,"minecraft:bone":10,"minecraft:apple":1,"minecraft:stonecutter":1,"minecraft:wheat_seeds":1,"minecraft:cobbled_deepslate":3,"minecraft:raw_gold":20,"minecraft:bell":1,"minecraft:spruce_planks":1,"minecraft:iron_ingot":15,"minecraft:iron_nugget":5,"minecraft:iron_pickaxe":1,"minecraft:chest":6,"minecraft:iron_boots":1,"minecraft:furnace":2,"minecraft:raw_iron":53,"minecraft:sweet_berries":23,"minecraft:torch":20,"minecraft:dripstone_block":31,"minecraft:porkchop":8,"minecraft:amethyst_shard":16,"minecraft:pointed_dripstone":57,"minecraft:spruce_sapling":3,"minecraft:diorite":2,"minecraft:spruce_log":23,"minecraft:redstone":38,"minecraft:spider_eye":3,"minecraft:pumpkin_seeds":4,"minecraft:arrow":6,"minecraft:purple_bed":1,"minecraft:rotten_flesh":12,"minecraft:beetroot_seeds":4,"minecraft:iron_helmet":1,"minecraft:gold_ingot":2,"minecraft:bread":7,"minecraft:emerald":3,"minecraft:baked_potato":19,"minecraft:obsidian":8,"minecraft:mutton":9,"minecraft:coal":64,"minecraft:white_wool":11,"minecraft:cobblestone":74}},"DataVersion":3839}