{"stats":{"minecraft:picked_up":{"minecraft:wooden_axe":1,"minecraft:crafting_table":2,"minecraft:iron_chestplate":2,"minecraft:wooden_pickaxe":1,"minecraft:enchanted_book":1,"minecraft:shield":1,"minecraft:music_disc_cat":2,"minecraft:string":42,"minecraft:large_fern":3,"minecraft:iron_leggings":2,"minecraft:cobbled_deepslate":81,"minecraft:spruce_planks":1,"minecraft:iron_nugget":5,"minecraft:iron_pickaxe":1,"minecraft:chest":6,"minecraft:furnace":6,"minecraft:iron_boots":2,"minecraft:raw_iron":458,"minecraft:torch":33,"minecraft:porkchop":8,"minecraft:pointed_dripstone":58,"minecraft:diorite":7,"minecraft:redstone":156,"minecraft:arrow":13,"minecraft:rotten_flesh":26,"minecraft:beetroot_seeds":4,"minecraft:gold_ingot":2,"minecraft:obsidian":8,"minecraft:mutton":9,"minecraft:white_wool":11,"minecraft:cobblestone":271,"minecraft:pink_petals":5,"minecraft:magma_block":8,"minecraft:andesite":3,"minecraft:smoker":1,"minecraft:potato":5,"minecraft:tuff":11,"minecraft:gunpowder":13,"minecraft:dirt":5,"minecraft:lapis_lazuli":248,"minecraft:blue_bed":2,"minecraft:bone":11,"minecraft:apple":1,"minecraft:stonecutter":1,"minecraft:wheat_seeds":6,"minecraft:raw_gold":106,"minecraft:bell":1,"minecraft:iron_ingot":16,"minecraft:diamond_helmet":1,"minecraft:sweet_berries":37,"minecraft:dripstone_block":33,"minecraft:gravel":1,"minecraft:amethyst_shard":16,"minecraft:spruce_sapling":6,"minecraft:spruce_log":30,"minecraft:spider_eye":5,"minecraft:pumpkin_seeds":4,"minecraft:purple_bed":1,"minecraft:diamond":80,"minecraft:iron_helmet":2,"minecraft:granite":5,"minecraft:emerald":3,"minecraft:bread":47,"minecraft:baked_potato":19,"minecraft:coal":219,"minecraft:diamond_pickaxe":2},"minecraft:crafted":{"minecraft:oak_planks":84,"minecraft:furnace":5,"minecraft:diamond_helmet":1,"minecraft:diamond_leggings":1,"minecraft:iron_boots":1,"minecraft:chest":4,"minecraft:diamond_boots":1,"minecraft:diamond_sword":1,"minecraft:cooked_porkchop":8,"minecraft:crafting_table":6,"minecraft:spruce_planks":68,"minecraft:baked_potato":28,"minecraft:wooden_pickaxe":1,"minecraft:iron_helmet":1,"minecraft:iron_sword":1,"minecraft:air":0,"minecraft:shield":3,"minecraft:stick":64,"minecraft:iron_ingot":143,"minecraft:iron_pickaxe":2,"minecraft:stone_sword":1,"minecraft:iron_leggings":1,"minecraft:torch":108,"minecraft:diamond_chestplate":1},"minecraft:mined":{"minecraft:tuff":10,"minecraft:spruce_planks":1,"minecraft:deepslate_diamond_ore":39,"minecraft:granite":7,"minecraft:grass_block":1,"minecraft:spruce_leaves":2,"minecraft:spawner":2,"minecraft:large_fern":20,"minecraft:magma_block":8,"minecraft:redstone_ore":5,"minecraft:furnace":7,"minecraft:iron_ore":127,"minecraft:andesite":13,"minecraft:deepslate_lapis_ore":16,"minecraft:bell":1,"minecraft:pointed_dripstone":4,"minecraft:deepslate_iron_ore":89,"minecraft:stone":245,"minecraft:tripwire":1,"minecraft:deepslate_redstone_ore":24,"minecraft:smoker":1,"minecraft:amethyst_cluster":4,"minecraft:crafting_table":2,"minecraft:torch":8,"minecraft:short_grass":31,"minecraft:chest":6,"minecraft:tall_grass":29,"minecraft:copper_ore":2,"minecraft:cobblestone":15,"minecraft:lapis_ore":1,"minecraft:deepslate_gold_ore":34,"minecraft:diorite":3,"minecraft:blue_bed":2,"minecraft:wall_torch":3,"minecraft:pink_petals":3,"minecraft:purple_bed":1,"minecraft:sweet_berry_bush":12,"minecraft:spruce_log":7,"minecraft:coal_ore":150,"minecraft:gravel":1,"minecraft:dripstone_block":33,"minecraft:dirt":4,"minecraft:cobweb":31,"minecraft:stonecutter":1,"minecraft:gold_ore":24,"minecraft:deepslate":82},"minecraft:dropped":{"minecraft:wheat_seeds":3,"minecraft:diamond":20,"minecraft:feather":2,"minecraft:iron_helmet":1,"minecraft:cobblestone":6,"minecraft:apple":1,"minecraft:coal":2,"minecraft:stick":1,"minecraft:large_fern":7,"minecraft:wooden_axe":1,"minecraft:diamond_helmet":1,"minecraft:iron_leggings":1,"minecraft:amethyst_shard":16,"minecraft:iron_pickaxe":1,"minecraft:pink_petals":5,"minecraft:spruce_sapling":6,"minecraft:bone":6,"minecraft:iron_nugget":7,"minecraft:stone_sword":1,"minecraft:cobbled_deepslate":1,"minecraft:tuff":5,"minecraft:pointed_dripstone":1,"minecraft:rotten_flesh":5,"minecraft:oak_planks":1,"minecraft:iron_boots":1,"minecraft:shield":1,"minecraft:diamond_pickaxe":1,"minecraft:andesite":2,"minecraft:spider_eye":3,"minecraft:arrow":7,"minecraft:wooden_pickaxe":1},"minecraft:custom":{"minecraft:mob_kills":56,"minecraft:interact_with_anvil":1,"minecraft:interact_with_crafting_table":33,"minecraft:leave_game":14,"minecraft:time_since_death":146233,"minecraft:sprint_one_cm":642102,"minecraft:walk_one_cm":472416,"minecraft:damage_blocked_by_shield":1901,"minecraft:drop":40,"minecraft:talked_to_villager":6,"minecraft:play_time":191025,"minecraft:deaths":1,"minecraft:sneak_time":18747,"minecraft:walk_under_water_one_cm":24630,"minecraft:jump":4338,"minecraft:walk_on_water_one_cm":27688,"minecraft:total_world_time":191025,"minecraft:interact_with_furnace":67,"minecraft:sleep_in_bed":1,"minecraft:time_since_rest":24479,"minecraft:damage_taken":6129,"minecraft:damage_dealt":8851,"minecraft:swim_one_cm":139496,"minecraft:fly_one_cm":823078,"minecraft:open_chest":79,"minecraft:crouch_one_cm":42769,"minecraft:interact_with_smoker":3,"minecraft:fall_one_cm":159820},"minecraft:killed_by":{"minecraft:skeleton":1},"minecraft:killed":{"minecraft:cave_spider":4,"minecraft:spider":3,"minecraft:skeleton":14,"minecraft:pig":4,"minecraft:zombie_villager":1,"minecraft:sheep":7,"minecraft:zombie":23},"minecraft:used":{"minecraft:stone_sword":57,"minecraft:chest":2,"minecraft:spruce_planks":7,"minecraft:shield":27,"minecraft:iron_sword":81,"minecraft:iron_chestplate":1,"minecraft:torch":121,"minecraft:dirt":5,"minecraft:carrot":7,"minecraft:tuff":5,"minecraft:granite":3,"minecraft:iron_helmet":1,"minecraft:iron_boots":1,"minecraft:magma_block":3,"minecraft:sweet_berries":14,"minecraft:furnace":9,"minecraft:potato":2,"minecraft:cobbled_deepslate":28,"minecraft:iron_leggings":1,"minecraft:diorite":2,"minecraft:baked_potato":26,"minecraft:oak_planks":1,"minecraft:blue_bed":1,"minecraft:crafting_table":8,"minecraft:dripstone_block":2,"minecraft:diamond_pickaxe":716,"minecraft:bread":87,"minecraft:iron_pickaxe":244,"minecraft:gravel":1,"minecraft:diamond_sword":91,"minecraft:cobblestone":238,"minecraft:purple_bed":1,"minecraft:cooked_porkchop":3,"minecraft:andesite":1}},"DataVersion":3839}