{"stats":{"minecraft:dropped":{"minecraft:wheat_seeds":3,"minecraft:diamond":20,"minecraft:feather":2,"minecraft:iron_helmet":1,"minecraft:cobblestone":6,"minecraft:apple":1,"minecraft:stick":1,"minecraft:large_fern":7,"minecraft:wooden_axe":1,"minecraft:iron_leggings":1,"minecraft:amethyst_shard":16,"minecraft:iron_pickaxe":1,"minecraft:pink_petals":5,"minecraft:spruce_sapling":6,"minecraft:bone":6,"minecraft:iron_nugget":7,"minecraft:cobbled_deepslate":1,"minecraft:stone_sword":1,"minecraft:tuff":5,"minecraft:pointed_dripstone":1,"minecraft:rotten_flesh":5,"minecraft:oak_planks":1,"minecraft:iron_boots":1,"minecraft:shield":1,"minecraft:diamond_pickaxe":1,"minecraft:andesite":2,"minecraft:spider_eye":3,"minecraft:arrow":7,"minecraft:wooden_pickaxe":1},"minecraft:killed_by":{"minecraft:skeleton":1},"minecraft:custom":{"minecraft:mob_kills":49,"minecraft:interact_with_crafting_table":30,"minecraft:leave_game":11,"minecraft:time_since_death":107475,"minecraft:sprint_one_cm":505663,"minecraft:walk_one_cm":380326,"minecraft:damage_blocked_by_shield":1826,"minecraft:drop":38,"minecraft:talked_to_villager":6,"minecraft:play_time":152267,"minecraft:deaths":1,"minecraft:sneak_time":16523,"minecraft:walk_under_water_one_cm":14859,"minecraft:jump":3206,"minecraft:walk_on_water_one_cm":20203,"minecraft:total_world_time":152267,"minecraft:interact_with_furnace":25,"minecraft:time_since_rest":107534,"minecraft:damage_taken":4745,"minecraft:damage_dealt":8039,"minecraft:swim_one_cm":76789,"minecraft:fly_one_cm":602303,"minecraft:open_chest":62,"minecraft:crouch_one_cm":37946,"minecraft:interact_with_smoker":2,"minecraft:fall_one_cm":110019},"minecraft:mined":{"minecraft:tuff":9,"minecraft:spruce_planks":1,"minecraft:deepslate_diamond_ore":30,"minecraft:granite":5,"minecraft:grass_block":1,"minecraft:spruce_leaves":2,"minecraft:spawner":2,"minecraft:large_fern":20,"minecraft:magma_block":6,"minecraft:redstone_ore":5,"minecraft:furnace":3,"minecraft:iron_ore":127,"minecraft:andesite":13,"minecraft:deepslate_lapis_ore":16,"minecraft:bell":1,"minecraft:pointed_dripstone":4,"minecraft:deepslate_iron_ore":89,"minecraft:stone":245,"minecraft:deepslate_redstone_ore":24,"minecraft:smoker":1,"minecraft:amethyst_cluster":4,"minecraft:crafting_table":2,"minecraft:torch":8,"minecraft:short_grass":27,"minecraft:chest":6,"minecraft:tall_grass":29,"minecraft:copper_ore":2,"minecraft:cobblestone":15,"minecraft:lapis_ore":1,"minecraft:deepslate_gold_ore":34,"minecraft:diorite":3,"minecraft:blue_bed":2,"minecraft:wall_torch":3,"minecraft:pink_petals":3,"minecraft:purple_bed":1,"minecraft:sweet_berry_bush":12,"minecraft:spruce_log":7,"minecraft:coal_ore":150,"minecraft:dirt":4,"minecraft:gravel":1,"minecraft:dripstone_block":33,"minecraft:cobweb":31,"minecraft:stonecutter":1,"minecraft:gold_ore":24,"minecraft:deepslate":77},"minecraft:picked_up":{"minecraft:wooden_axe":1,"minecraft:crafting_table":2,"minecraft:iron_chestplate":2,"minecraft:wooden_pickaxe":1,"minecraft:shield":1,"minecraft:music_disc_cat":2,"minecraft:string":41,"minecraft:large_fern":3,"minecraft:iron_leggings":2,"minecraft:cobbled_deepslate":76,"minecraft:spruce_planks":1,"minecraft:iron_nugget":5,"minecraft:iron_pickaxe":1,"minecraft:chest":6,"minecraft:furnace":2,"minecraft:iron_boots":2,"minecraft:raw_iron":458,"minecraft:torch":33,"minecraft:porkchop":8,"minecraft:pointed_dripstone":58,"minecraft:diorite":7,"minecraft:redstone":156,"minecraft:arrow":10,"minecraft:rotten_flesh":26,"minecraft:beetroot_seeds":4,"minecraft:gold_ingot":2,"minecraft:obsidian":8,"minecraft:mutton":9,"minecraft:white_wool":11,"minecraft:cobblestone":271,"minecraft:pink_petals":5,"minecraft:magma_block":6,"minecraft:andesite":3,"minecraft:smoker":1,"minecraft:potato":5,"minecraft:tuff":10,"minecraft:gunpowder":13,"minecraft:dirt":5,"minecraft:lapis_lazuli":248,"minecraft:blue_bed":2,"minecraft:bone":10,"minecraft:apple":1,"minecraft:stonecutter":1,"minecraft:wheat_seeds":6,"minecraft:raw_gold":106,"minecraft:bell":1,"minecraft:iron_ingot":16,"minecraft:sweet_berries":37,"minecraft:dripstone_block":33,"minecraft:gravel":1,"minecraft:amethyst_shard":16,"minecraft:spruce_sapling":6,"minecraft:spruce_log":30,"minecraft:spider_eye":5,"minecraft:pumpkin_seeds":4,"minecraft:purple_bed":1,"minecraft:diamond":66,"minecraft:iron_helmet":2,"minecraft:granite":3,"minecraft:emerald":3,"minecraft:bread":47,"minecraft:baked_potato":19,"minecraft:coal":219,"minecraft:diamond_pickaxe":2},"minecraft:used":{"minecraft:stone_sword":57,"minecraft:chest":2,"minecraft:spruce_planks":7,"minecraft:shield":26,"minecraft:iron_sword":81,"minecraft:iron_chestplate":1,"minecraft:torch":111,"minecraft:dirt":1,"minecraft:carrot":5,"minecraft:tuff":5,"minecraft:granite":3,"minecraft:iron_helmet":1,"minecraft:iron_boots":1,"minecraft:magma_block":3,"minecraft:sweet_berries":14,"minecraft:furnace":3,"minecraft:cobbled_deepslate":28,"minecraft:iron_leggings":1,"minecraft:diorite":2,"minecraft:oak_planks":1,"minecraft:blue_bed":1,"minecraft:crafting_table":8,"minecraft:dripstone_block":2,"minecraft:diamond_pickaxe":693,"minecraft:bread":87,"minecraft:iron_pickaxe":244,"minecraft:gravel":1,"minecraft:diamond_sword":75,"minecraft:cobblestone":190,"minecraft:purple_bed":1,"minecraft:cooked_porkchop":3,"minecraft:andesite":1},"minecraft:crafted":{"minecraft:oak_planks":84,"minecraft:furnace":3,"minecraft:diamond_helmet":1,"minecraft:diamond_leggings":1,"minecraft:iron_boots":1,"minecraft:chest":4,"minecraft:diamond_boots":1,"minecraft:diamond_sword":1,"minecraft:cooked_porkchop":8,"minecraft:crafting_table":6,"minecraft:spruce_planks":68,"minecraft:wooden_pickaxe":1,"minecraft:iron_helmet":1,"minecraft:iron_sword":1,"minecraft:air":0,"minecraft:shield":3,"minecraft:stick":64,"minecraft:iron_ingot":15,"minecraft:iron_pickaxe":2,"minecraft:stone_sword":1,"minecraft:iron_leggings":1,"minecraft:torch":108,"minecraft:diamond_chestplate":1},"minecraft:killed":{"minecraft:cave_spider":4,"minecraft:spider":3,"minecraft:skeleton":10,"minecraft:pig":4,"minecraft:zombie_villager":1,"minecraft:sheep":7,"minecraft:zombie":20}},"DataVersion":3839}